,molecule_chembl_id,canonical_smiles,class,MW,LogP,NumHDonors,NumHAcceptors,pIC50
0,CHEMBL199572,CN(C(=O)c1ccc(-c2ccccc2)cc1)c1ccccc1C(=O)O,inactive,331.3710000000001,4.328400000000004,1.0,2.0,4.370590400897281
1,CHEMBL199574,O=C(Nc1ccccc1C(=O)O)c1ccc2cc(Br)ccc2c1,inactive,370.202,4.552800000000002,2.0,2.0,3.845880474484153
2,CHEMBL372561,CN(C(=O)c1ccc2cc(Br)ccc2c1)c1ccccc1C(=O)O,inactive,384.2290000000001,4.577100000000003,1.0,2.0,4.029653123769907
3,CHEMBL370865,O=C(Nc1ccccc1C(=O)O)c1ccc(-c2ccccc2)cc1,inactive,317.344,4.304100000000002,2.0,2.0,3.8138916201867947
4,CHEMBL199575,CN(C(=O)c1ccc2ccccc2c1)c1ccccc1C(=O)O,inactive,305.3330000000001,3.814600000000002,1.0,2.0,3.6989700043360187
5,CHEMBL200536,O=C(Nc1ccccc1C(=O)O)c1ccc2ccccc2c1,inactive,291.306,3.790300000000002,2.0,2.0,3.6989700043360187
6,CHEMBL218467,CCOC(=O)C(=CNc1ccc2sc3ccccc3c2c1)C(=O)OCC,active,369.4420000000002,4.476500000000003,1.0,6.0,6.795880017344075
7,CHEMBL973,C/C(O)=C(\C#N)C(=O)Nc1ccc(C(F)(F)F)cc1,inactive,270.21,2.99948,2.0,3.0,3.721017883134557
8,CHEMBL217893,Cc1c(C(=O)Nc2cc(Cl)cc(Cl)c2)cccc1[N+](=O)[O-],active,325.15100000000007,4.462320000000003,1.0,3.0,6.638272163982407
9,CHEMBL217951,Cc1cc(Br)ccc1NC(=O)c1ccc2ccccc2c1,active,340.2200000000001,5.163020000000003,1.0,1.0,6.7447274948966935
10,CHEMBL217897,CCOC(=O)C(=CNc1cccc(-c2ccccc2)c1)C(=O)OCC,inactive,339.39100000000013,3.7756000000000025,1.0,5.0,4.06198090252379
11,CHEMBL387254,CCOC(=O)/C(C#N)=C\Nc1cccc(-c2ccccc2)c1,inactive,292.338,3.736080000000002,1.0,4.0,4.671620396561262
12,CHEMBL373493,CCOC(=O)C(=CNc1ccc(-c2ccccc2)cc1)C(=O)OCC,inactive,339.39100000000013,3.7756000000000025,1.0,5.0,3.3010299956639813
13,CHEMBL374338,CCOC(=O)/C(C#N)=C\Nc1ccc(-c2ccccc2)cc1,inactive,292.338,3.736080000000002,1.0,4.0,3.3010299956639813
14,CHEMBL219855,CCOC(=O)C(=CNc1ccc2[nH]cnc2c1)C(=O)OCC,inactive,303.3180000000001,1.9848999999999999,2.0,6.0,3.457050151185821
15,CHEMBL413583,CCOC(=O)C(=CNc1ccccc1C)C(=O)OCC,inactive,277.32000000000005,2.417020000000001,1.0,5.0,3.4614262661931443
16,CHEMBL219856,CCOC(=O)C(=CNc1ccc(C)cc1)C(=O)OCC,inactive,277.32000000000005,2.417020000000001,1.0,5.0,4.3979400086720375
17,CHEMBL435137,CCOC(=O)C(=CNc1ccc2[nH]ncc2c1)C(=O)OCC,inactive,303.3180000000001,1.9848999999999999,2.0,6.0,4.556267758598403
18,CHEMBL218703,CCOC(=O)/C(C#N)=C\Nc1ccc2c(c1)c1ccccc1n2CC,active,333.3910000000001,4.196880000000003,1.0,5.0,6.356547323513812
19,CHEMBL454269,Cc1cc(Nc2ccccc2Cl)n2ncnc2n1,inactive,259.7,2.82972,1.0,5.0,4.0
20,CHEMBL473816,Cc1cc(Nc2ccccc2C)n2ncnc2n1,inactive,239.282,2.4847399999999995,1.0,5.0,4.0
21,CHEMBL475663,Cc1cc(Nc2ccccc2C(F)(F)F)n2ncnc2n1,inactive,293.252,3.195120000000001,1.0,5.0,4.0
22,CHEMBL452667,Cc1cc(Nc2ccccc2C#N)n2ncnc2n1,inactive,250.26500000000001,2.047999999999999,1.0,6.0,4.0
23,CHEMBL514038,Cc1cc(Nc2cccc(F)c2)n2ncnc2n1,intermediate,243.245,2.3154199999999996,1.0,5.0,5.036212172654444
24,CHEMBL499296,Cc1cc(Nc2cccc(Cl)c2)n2ncnc2n1,intermediate,259.7,2.82972,1.0,5.0,5.853871964321762
25,CHEMBL475664,Cc1cccc(Nc2cc(C)nc3ncnn23)c1,intermediate,239.282,2.4847399999999995,1.0,5.0,5.309803919971486
26,CHEMBL474842,Cc1cc(Nc2cccc(C(F)(F)F)c2)n2ncnc2n1,inactive,293.252,3.195120000000001,1.0,5.0,4.853871964321762
27,CHEMBL474004,Cc1cc(Nc2ccc(F)cc2)n2ncnc2n1,inactive,243.245,2.3154199999999996,1.0,5.0,4.721246399047171
28,CHEMBL452465,Cc1cc(Nc2ccc(Cl)cc2)n2ncnc2n1,intermediate,259.7,2.829720000000001,1.0,5.0,5.795880017344075
29,CHEMBL492520,Cc1cc(Nc2ccc(Br)cc2)n2ncnc2n1,active,304.151,2.9388200000000007,1.0,5.0,6.107905397309519
30,CHEMBL492528,Cc1ccc(Nc2cc(C)nc3ncnn23)cc1,intermediate,239.28200000000004,2.4847400000000004,1.0,5.0,5.376750709602099
31,CHEMBL492529,Cc1cc(Nc2ccc(C(F)(F)F)cc2)n2ncnc2n1,active,293.252,3.195120000000001,1.0,5.0,6.552841968657781
32,CHEMBL523669,COc1ccc(Nc2cc(C)nc3ncnn23)cc1,intermediate,255.281,2.18492,1.0,6.0,5.337242168318426
33,CHEMBL492530,Cc1cc(Nc2ccc(OC(F)(F)F)cc2)n2ncnc2n1,intermediate,309.251,3.0749200000000005,1.0,6.0,5.920818753952375
34,CHEMBL492336,Cc1cc(Nc2ccc(OC(F)F)cc2)n2ncnc2n1,intermediate,291.261,2.7777200000000004,1.0,6.0,5.552841968657781
35,CHEMBL500504,Cc1cc(Nc2ccc([N+](=O)[O-])cc2)n2ncnc2n1,intermediate,270.252,2.0845199999999995,1.0,7.0,5.366531544420414
36,CHEMBL522991,Cc1cc(Nc2ccc(-c3ccccc3)cc2)n2ncnc2n1,intermediate,301.35300000000007,3.843320000000003,1.0,5.0,5.275724130399211
37,CHEMBL492549,Cc1cc(Nc2ccc(Cc3ccccc3)cc2)n2ncnc2n1,intermediate,315.38000000000005,3.767120000000002,1.0,5.0,5.657577319177793
38,CHEMBL506446,Cc1cc(Nc2cccc(F)c2F)n2ncnc2n1,inactive,261.23499999999996,2.4545199999999996,1.0,5.0,4.4089353929735005
39,CHEMBL451525,Cc1cc(Nc2cc(F)ccc2F)n2ncnc2n1,inactive,261.235,2.4545199999999996,1.0,5.0,4.301029995663981
40,CHEMBL492550,Cc1cc(Nc2c(F)cccc2F)n2ncnc2n1,inactive,261.235,2.4545199999999996,1.0,5.0,4.0
41,CHEMBL493761,Cc1cc(Nc2ccc(F)c(F)c2F)n2ncnc2n1,inactive,279.22499999999997,2.5936199999999996,1.0,5.0,4.5376020021010435
42,CHEMBL451417,Cc1cc(Nc2cc(F)c(F)cc2F)n2ncnc2n1,inactive,279.225,2.5936199999999996,1.0,5.0,4.769551078621726
43,CHEMBL523691,Cc1cc(Nc2c(F)cc(F)cc2F)n2ncnc2n1,inactive,279.225,2.5936199999999996,1.0,5.0,4.0
44,CHEMBL508404,Cc1cc(Nc2c(F)c(F)cc(F)c2F)n2ncnc2n1,inactive,297.21500000000003,2.7327200000000005,1.0,5.0,4.0
45,CHEMBL492497,Cc1cc(Nc2c(F)c(F)c(F)c(F)c2F)n2ncnc2n1,inactive,315.205,2.8718200000000005,1.0,5.0,4.0
46,CHEMBL502389,Cc1ccc(Nc2cc(C)nc3ncnn23)c(F)c1,inactive,257.272,2.6238400000000004,1.0,5.0,4.568636235841013
47,CHEMBL523163,Cc1cc(Nc2ccc(F)c(F)c2)n2ncnc2n1,intermediate,261.23499999999996,2.4545199999999996,1.0,5.0,5.096910013008056
48,CHEMBL492695,Cc1cc(Nc2cc(F)cc(F)c2)n2ncnc2n1,intermediate,261.235,2.4545200000000005,1.0,5.0,5.026872146400302
49,CHEMBL492711,Cc1cc(Nc2cc(C(F)(F)F)cc(C(F)(F)F)c2)n2ncnc2n1,inactive,361.249,4.213920000000002,1.0,5.0,4.0
50,CHEMBL492712,Cc1cc(Nc2ccc(F)c(C)c2)n2ncnc2n1,intermediate,257.272,2.6238400000000004,1.0,5.0,5.337242168318426
51,CHEMBL452392,Cc1cc(Nc2ccc(Cl)c(C(F)(F)F)c2)n2ncnc2n1,active,327.697,3.8485200000000015,1.0,5.0,6.096910013008056
52,CHEMBL13380,Cc1cc(Nc2ccc(Br)c(C(F)(F)F)c2)n2ncnc2n1,active,372.148,3.9576200000000012,1.0,5.0,6.346787486224656
53,CHEMBL437480,Cc1cc(Nc2ccc(C)c(C(F)(F)F)c2)n2ncnc2n1,intermediate,307.279,3.503540000000002,1.0,5.0,5.809668301829708
54,CHEMBL447995,Cc1cc(Nc2ccc(C)c(C)c2)n2ncnc2n1,active,253.309,2.7931600000000003,1.0,5.0,6.455931955649724
55,CHEMBL522325,Cc1cc(Nc2ccc(C#N)c(C(F)(F)F)c2)n2ncnc2n1,intermediate,318.262,3.0668000000000006,1.0,6.0,5.309803919971486
56,CHEMBL492719,Cc1cc(Nc2ccc(C)c(F)c2)n2ncnc2n1,active,257.272,2.6238400000000004,1.0,5.0,6.0655015487564325
57,CHEMBL492720,Cc1cc(Nc2ccc(C(F)(F)F)c(F)c2)n2ncnc2n1,active,311.24199999999996,3.334220000000001,1.0,5.0,7.113509274827518
58,CHEMBL444928,Cc1cc(Nc2ccccc2F)n2ncnc2n1,inactive,243.245,2.3154199999999996,1.0,5.0,4.0
59,CHEMBL475813,Cc1cc(Nc2ccc3ccccc3c2)n2ncnc2n1,active,275.31500000000005,3.3295200000000014,1.0,5.0,7.327902142064283
60,CHEMBL475814,Cc1cc(Nc2ccc3cc4ccccc4cc3c2)n2ncnc2n1,active,325.37500000000006,4.482720000000003,1.0,5.0,7.251811972993799
61,CHEMBL446825,Cc1cc(Nc2ccccc2)n2ncnc2n1,inactive,225.25500000000002,2.1763199999999996,1.0,5.0,4.0
62,CHEMBL449358,Cc1cc(Nc2cccc3ccccc23)n2ncnc2n1,inactive,275.31500000000005,3.3295200000000014,1.0,5.0,4.346787486224656
63,CHEMBL484305,Cc1cc(Nc2ccc3c(=O)cc(C)oc3c2)n2ncnc2n1,intermediate,307.313,2.59114,1.0,7.0,5.698970004336019
64,CHEMBL487518,Cc1cc(Nc2cc3ccccc3cc2O)n2ncnc2n1,active,291.314,3.035120000000001,2.0,6.0,6.481486060122113
65,CHEMBL451880,Cc1cc(Nc2ccc3ncccc3c2)n2ncnc2n1,intermediate,276.30300000000005,2.72452,1.0,6.0,5.920818753952375
66,CHEMBL503135,Cc1cc(Nc2cnc3ccccc3c2)n2ncnc2n1,intermediate,276.30300000000005,2.72452,1.0,6.0,5.769551078621726
67,CHEMBL487517,Cc1cc(Nc2ccc(C(N)=O)cc2)n2ncnc2n1,inactive,268.28,1.2752199999999998,2.0,6.0,3.6989700043360187
68,CHEMBL486697,Cc1cc(N(Cc2ccccc2)c2ccc3ccccc3c2)n2ncnc2n1,inactive,365.4400000000001,4.9242200000000045,0.0,5.0,4.031517051446065
69,CHEMBL486490,Cc1cc(N(C)c2ccc3ccccc3c2)n2ncnc2n1,intermediate,289.34200000000004,3.3538200000000016,0.0,5.0,5.522878745280337
70,CHEMBL486489,Cc1nc2ncnn2c(Nc2ccc3ccccc3c2)c1C,active,289.34200000000004,3.637940000000002,1.0,5.0,6.795880017344075
71,CHEMBL484294,CCc1cc(Nc2ccc3ccccc3c2)n2ncnc2n1,active,289.34200000000004,3.5835000000000017,1.0,5.0,6.721246399047171
72,CHEMBL519836,FC(F)(F)c1cc(Nc2ccc3ccccc3c2)n2ncnc2n1,active,329.2850000000001,4.039900000000003,1.0,5.0,6.6777807052660805
73,CHEMBL1450,O=C1C(O)=C([C@H]2CC[C@H](c3ccc(Cl)cc3)CC2)C(=O)c2ccccc21,inactive,366.84400000000016,5.505100000000004,1.0,3.0,5.0
74,CHEMBL567597,C[C@@H]1CC[C@H]2[C@@H](C)C(=O)O[C@@H]3O[C@]4(C)CC[C@@H]1[C@]32OO4,inactive,282.33599999999996,2.3949000000000007,0.0,5.0,5.0
75,CHEMBL275638,O=c1cc(-c2ccccc2)oc2ccccc12,inactive,222.243,3.4600000000000017,0.0,2.0,5.0
76,CHEMBL429023,C=C(C)[C@H]1Cc2c(ccc3c2O[C@@H]2COc4cc(OC)c(OC)cc4[C@@H]2C3=O)O1,inactive,394.4230000000001,3.7033000000000023,0.0,6.0,5.0
77,CHEMBL481680,[Cl-].c1ccc([I+]c2ccccc2)cc1,inactive,281.116,-0.18500000000000005,0.0,0.0,5.0
78,CHEMBL397686,[Cl-].c1ccc2c(c1)[I+]c1ccccc1-2,inactive,279.1,-0.20460000000000012,0.0,0.0,5.0
79,CHEMBL224182,CCCCCCCCCCCCc1cc(=O)c2ccccc2n1O,intermediate,329.484,5.702200000000006,1.0,3.0,5.3979400086720375
80,CHEMBL211501,CCCCCC[C@H]1C(=O)O[C@H](C)[C@H](NC(=O)c2cccc(NC=O)c2O)C(=O)O[C@@H](C)[C@@H]1OC(=O)CC(C)C,inactive,548.6330000000003,3.480400000000002,3.0,9.0,5.0
81,CHEMBL483995,CCOc1cccc(-c2ccc(NC(=O)/C(C#N)=C(/C)O)cc2)c1,inactive,322.36400000000003,4.046380000000002,2.0,4.0,3.7389751660076027
82,CHEMBL483994,C/C(O)=C(\C#N)C(=O)Nc1ccc(-c2ccccc2)cc1Cl,inactive,312.7560000000001,4.301080000000002,2.0,3.0,4.291579099865287
83,CHEMBL484531,C/C(O)=C(\C#N)C(=O)Nc1ccc(-c2ccccc2Cl)cc1,inactive,312.75600000000003,4.3010800000000025,2.0,3.0,4.324221658325915
84,CHEMBL505315,C/C(O)=C(\C#N)C(=O)Nc1ccc(-c2cccc(Cl)c2Cl)cc1,inactive,347.201,4.954480000000002,2.0,3.0,4.565431095965801
85,CHEMBL520008,C/C(O)=C(\C#N)C(=O)Nc1ccc(-c2cccc(Cl)c2)c(Cl)c1,inactive,347.201,4.954480000000002,2.0,3.0,3.6259852597080884
86,CHEMBL484780,C/C(O)=C(\C#N)C(=O)Nc1ccc(-c2ccccc2Cl)c(Cl)c1,inactive,347.201,4.954480000000002,2.0,3.0,3.7825160557860937
87,CHEMBL484602,C/C(O)=C(\C#N)C(=O)Nc1ccc(-c2cccc(Cl)c2)cc1C(F)(F)F,inactive,380.75300000000004,5.319880000000002,2.0,3.0,4.242603971206976
88,CHEMBL484595,C/C(O)=C(\C#N)C(=O)Nc1ccc(-c2cccc(Cl)c2)cc1Cl,inactive,347.201,4.954480000000002,2.0,3.0,4.308918507877031
89,CHEMBL484594,C/C(O)=C(\C#N)C(=O)Nc1ccc(-c2c(Cl)cccc2Cl)cc1Cl,inactive,381.6460000000001,5.6078800000000015,2.0,3.0,4.991399828238082
90,CHEMBL520999,C/C(O)=C(\C#N)C(=O)Nc1ccc(-c2cccc(Cl)c2Cl)cc1Cl,intermediate,381.6460000000001,5.6078800000000015,2.0,3.0,5.00436480540245
91,CHEMBL483161,COc1ccccc1-c1ccc(NC(=O)/C(C#N)=C(/C)O)c(Cl)c1,intermediate,342.78200000000004,4.309680000000003,2.0,4.0,5.0655015487564325
92,CHEMBL520306,C/C(O)=C(\C#N)C(=O)Nc1ccc(-c2ccccc2Cl)cc1C(F)(F)F,intermediate,380.75300000000004,5.319880000000002,2.0,3.0,5.207608310501746
93,CHEMBL483552,C/C(O)=C(\C#N)C(=O)Nc1ccc(-c2ccccc2Cl)cc1Cl,intermediate,347.201,4.954480000000002,2.0,3.0,5.3979400086720375
94,CHEMBL142996,N#C/C(C(=O)Nc1ccc(-c2ccccc2)cc1)=C(/O)C1CC1,inactive,304.3490000000001,4.037780000000002,2.0,3.0,3.6505282007856144
95,CHEMBL519160,C/C(O)=C(\C#N)C(=O)Nc1ccc(-c2ccccc2)cc1,inactive,278.31100000000004,3.647680000000001,2.0,3.0,4.590066876668706
96,CHEMBL141732,N#C/C(C(=O)Nc1ccc(C(F)(F)F)cc1)=C(/O)C1CC1,inactive,296.24800000000005,3.3895800000000014,2.0,3.0,4.0338582672609675
97,CHEMBL586157,Cc1cc(Nc2ccc3c(c2)CCC3)n2ncnc2n1,active,265.31999999999994,2.66502,1.0,5.0,6.657577319177793
98,CHEMBL1784578,Cc1cc(Nc2ccc3c(c2)CCCC3)n2ncnc2n1,active,279.347,3.0551200000000005,1.0,5.0,7.1938200260161125
99,CHEMBL1784577,Cc1cc(Nc2cc(F)c(C(F)(F)F)c(F)c2)n2ncnc2n1,active,329.23199999999997,3.473320000000001,1.0,5.0,6.721246399047171
100,CHEMBL1784576,Cc1cc(Nc2ccc(C(F)(F)F)c(C(F)(F)F)c2)n2ncnc2n1,active,361.24899999999997,4.213920000000002,1.0,5.0,6.267606240177032
101,CHEMBL1784575,Cc1cc(Nc2ccc(Cl)c(F)c2)n2ncnc2n1,active,277.69,2.968820000000001,1.0,5.0,6.259637310505756
102,CHEMBL1784574,Cc1cc(Nc2ccc(C(C)(C)C)c(F)c2)n2ncnc2n1,active,299.353,3.6129200000000017,1.0,5.0,7.455931955649724
103,CHEMBL1784573,Cc1cc(Nc2ccc(C(C)(C)C#N)cc2)n2ncnc2n1,active,292.346,2.977500000000001,1.0,6.0,6.0
104,CHEMBL1784572,Cc1cc(Nc2ccc(OC(C)(C)C)cc2)n2ncnc2n1,inactive,297.362,3.353620000000001,1.0,6.0,4.356547323513812
105,CHEMBL1784571,Cc1cc(Nc2ccc(NC(C)(C)C)cc2)n2ncnc2n1,inactive,296.37800000000004,3.3867200000000013,2.0,6.0,4.301029995663981
106,CHEMBL1784570,Cc1cc(Nc2ccc(N3CCOCC3)cc2)n2ncnc2n1,inactive,310.361,2.0129199999999994,1.0,7.0,4.0
107,CHEMBL1784569,Cc1cc(Nc2ccc(N3CCCC3)cc2)n2ncnc2n1,intermediate,294.36199999999997,2.7765200000000005,1.0,6.0,5.455931955649724
108,CHEMBL582694,Cc1cc(Nc2ccc(N(C)C)cc2)n2ncnc2n1,active,268.324,2.2423199999999994,1.0,6.0,6.086186147616283
109,CHEMBL1784568,Cc1cc(Nc2ccc(OCc3ccccc3)cc2)n2ncnc2n1,intermediate,331.379,3.755320000000001,1.0,6.0,5.267606240177032
110,CHEMBL1784567,Cc1cc(Nc2ccc(S(F)(F)(F)(F)F)cc2)n2ncnc2n1,active,351.304,4.833720000000001,1.0,5.0,6.886056647693163
111,CHEMBL1784566,Cc1cc(Nc2ccc(SC(F)(F)F)cc2)n2ncnc2n1,active,325.319,3.7882200000000017,1.0,6.0,6.214670164989233
112,CHEMBL1784565,Cc1cc(Nc2ccc(CC(F)(F)F)cc2)n2ncnc2n1,intermediate,307.279,3.2811200000000014,1.0,5.0,5.6020599913279625
113,CHEMBL1784564,C#Cc1ccc(Nc2cc(C)nc3ncnn23)cc1,intermediate,249.27700000000002,2.1576199999999996,1.0,5.0,5.958607314841775
114,CHEMBL1784563,C=Cc1ccc(Nc2cc(C)nc3ncnn23)cc1,active,251.293,2.8193200000000003,1.0,5.0,6.096910013008056
115,CHEMBL1784562,Cc1cc(Nc2ccc(C3CC3)cc2)n2ncnc2n1,active,265.32,3.05372,1.0,5.0,6.376750709602099
116,CHEMBL1784561,Cc1cc(Nc2ccc(C(C)(C)C)cc2)n2ncnc2n1,active,281.363,3.4738200000000017,1.0,5.0,7.107905397309519
117,CHEMBL600255,Cc1cc(Nc2ccc(C(C)C)cc2)n2ncnc2n1,active,267.336,3.2997200000000007,1.0,5.0,6.657577319177793
118,CHEMBL1784560,CCCCCCCCc1ccc(Nc2cc(C)nc3ncnn23)cc1,inactive,337.47100000000006,5.079320000000004,1.0,5.0,4.301029995663981
119,CHEMBL1784559,CCCCCCCc1ccc(Nc2cc(C)nc3ncnn23)cc1,inactive,323.444,4.689220000000003,1.0,5.0,4.619788758288394
120,CHEMBL1784558,CCCCCCc1ccc(Nc2cc(C)nc3ncnn23)cc1,intermediate,309.41700000000003,4.299120000000003,1.0,5.0,5.376750709602099
121,CHEMBL1784557,CCCCCc1ccc(Nc2cc(C)nc3ncnn23)cc1,active,295.39,3.9090200000000017,1.0,5.0,6.086186147616283
122,CHEMBL1784556,CCCCc1ccc(Nc2cc(C)nc3ncnn23)cc1,active,281.363,3.5189200000000014,1.0,5.0,6.552841968657781
123,CHEMBL1784555,CCCc1ccc(Nc2cc(C)nc3ncnn23)cc1,active,267.336,3.128820000000001,1.0,5.0,6.00436480540245
124,CHEMBL1714424,CCc1ccc(Nc2cc(C)nc3ncnn23)cc1,active,253.309,2.7387200000000007,1.0,5.0,6.214670164989233
125,CHEMBL1784579,Cc1cc(Nc2ccc3c(c2)OCO3)n2ncnc2n1,intermediate,269.26399999999995,1.9050199999999993,1.0,7.0,5.795880017344075
126,CHEMBL1784580,Cc1cc(Nc2ccc3sccc3c2)n2ncnc2n1,active,281.34400000000005,3.391020000000002,1.0,6.0,7.045757490560675
127,CHEMBL1784581,Cc1cc(Nc2ccc3[nH]c(C(F)(F)F)nc3c2)n2ncnc2n1,inactive,333.277,3.0714200000000007,2.0,6.0,4.6777807052660805
128,CHEMBL1784589,Cc1cc(NC2Cc3ccccc3C2)n2ncnc2n1,active,265.32,2.0120199999999997,1.0,5.0,6.301029995663981
129,CHEMBL1784593,Cc1cc(NC2CCc3ccccc3C2)n2ncnc2n1,active,279.34700000000004,2.40212,1.0,5.0,6.267606240177032
130,CHEMBL1784590,Cc1cc(NC2Cc3ccc(F)cc3C2)n2ncnc2n1,active,283.31,2.1511199999999997,1.0,5.0,6.214670164989233
131,CHEMBL1784594,Cc1cc(NC2CCc3cc(F)ccc3C2)n2ncnc2n1,active,297.33700000000005,2.54122,1.0,5.0,6.200659450546418
132,CHEMBL1784595,Cc1cc(NC2CCc3cc(Cl)ccc3C2)n2ncnc2n1,active,313.79200000000003,3.0555200000000005,1.0,5.0,6.173925197299173
133,CHEMBL1784591,Cc1cc(NC2Cc3ccc(Br)cc3C2)n2ncnc2n1,intermediate,344.21600000000007,2.7745200000000008,1.0,5.0,5.920818753952375
134,CHEMBL1784592,COc1cc2c(cc1OC)CC(Nc1cc(C)nc3ncnn13)C2,intermediate,325.37200000000007,2.0292199999999996,1.0,7.0,5.337242168318426
135,CHEMBL1784710,CCCCCCCNc1cc(C)nc2ncnn12,intermediate,247.34600000000003,2.8150200000000005,1.0,5.0,5.0655015487564325
136,CHEMBL1784708,Cc1cc(NCCc2ccccc2)n2ncnc2n1,inactive,253.30900000000005,2.08732,1.0,5.0,4.823908740944319
137,CHEMBL1784709,Cc1cc(NCCCc2ccccc2)n2ncnc2n1,inactive,267.33600000000007,2.4774200000000004,1.0,5.0,4.585026652029182
138,CHEMBL1784588,Cc1cc(NC2CCCCCCCCCCC2)n2ncnc2n1,inactive,315.4649999999999,4.517920000000003,1.0,5.0,4.236572006437063
139,CHEMBL1784582,Cc1cc(NC2CC2)n2ncnc2n1,inactive,189.222,1.0070199999999998,1.0,5.0,4.0
140,CHEMBL1784583,Cc1cc(NC2CCC2)n2ncnc2n1,inactive,203.24900000000002,1.3971199999999997,1.0,5.0,4.0
141,CHEMBL1784584,Cc1cc(NC2CCCC2)n2ncnc2n1,inactive,217.276,1.7872199999999998,1.0,5.0,4.0
142,CHEMBL1784585,Cc1cc(NC2CCCCC2)n2ncnc2n1,inactive,231.303,2.17732,1.0,5.0,4.0
143,CHEMBL1784586,Cc1cc(NC2CCCCCC2)n2ncnc2n1,inactive,245.32999999999998,2.5674200000000003,1.0,5.0,4.0
144,CHEMBL1784587,Cc1cc(NC2CCCCCCC2)n2ncnc2n1,inactive,259.35699999999997,2.9575200000000006,1.0,5.0,4.0
145,CHEMBL1784596,Cc1cc(NOc2ccccc2)n2ncnc2n1,inactive,241.25400000000002,1.8386199999999995,1.0,6.0,4.0
146,CHEMBL1529387,Cc1cc(NCc2ccccc2)n2ncnc2n1,inactive,239.28200000000004,2.0448199999999996,1.0,5.0,4.0
147,CHEMBL1784706,Cc1cc(NCc2ccc(F)cc2)n2ncnc2n1,inactive,257.272,2.1839199999999996,1.0,5.0,4.0
148,CHEMBL1784707,Cc1cc(NCc2ccc(C(F)(F)F)cc2)n2ncnc2n1,inactive,307.279,3.063620000000001,1.0,5.0,4.0
149,CHEMBL1784711,CCc1cc(Nc2ccc(C(F)(F)F)cc2)n2ncnc2n1,active,307.279,3.4491000000000023,1.0,5.0,6.107905397309519
150,CHEMBL1784712,FC(F)(F)c1ccc(Nc2cc(C(F)(F)F)nc3ncnn23)cc1,intermediate,347.222,3.905500000000001,1.0,5.0,5.769551078621726
151,CHEMBL1784713,FC(F)(F)c1ccc(Nc2cc(Cl)nc3ncnn23)cc1,active,313.67,3.5401000000000007,1.0,5.0,6.769551078621726
152,CHEMBL1784714,CCc1c(C)nc2ncnn2c1Nc1ccc(C(C)C)cc1,intermediate,295.39000000000004,3.8621200000000027,1.0,5.0,5.769551078621726
153,CHEMBL1784715,CCc1c(C)nc2ncnn2c1Nc1ccc(OC(F)(F)F)cc1,intermediate,337.305,3.6373200000000017,1.0,6.0,5.494850021680094
154,CHEMBL1784716,CCCc1c(C)nc2ncnn2c1Nc1ccc(C)cc1,inactive,281.363,3.437240000000002,1.0,5.0,4.0
155,CHEMBL1784717,Cc1ccc(Nc2c3c(nc4ncnn24)CCC3)cc1F,intermediate,283.31,2.804120000000001,1.0,5.0,5.853871964321762
156,CHEMBL1956499,Cc1cc(Nc2ccc(C(F)(F)F)cc2)n2nc(CCO)nc2n1,active,337.30500000000006,2.7299200000000012,2.0,6.0,6.031517051446065
157,CHEMBL1956498,Cc1cc(Nc2cccc(Cl)c2)n2nc(CO)nc2n1,intermediate,289.726,2.3220199999999998,2.0,6.0,5.214670164989233
158,CHEMBL1956497,Cc1cc(Nc2ccc(Cl)cc2)n2nc(CO)nc2n1,intermediate,289.726,2.3220200000000006,2.0,6.0,5.275724130399211
159,CHEMBL1956496,Cc1cc(Nc2ccc(Cl)cc2)n2nc(CCN)nc2n1,inactive,302.769,2.3309200000000003,2.0,6.0,5.0
160,CHEMBL1956495,CNCc1nc2nc(C)cc(Nc3cccc(Cl)c3)n2n1,inactive,302.769,2.5491200000000003,2.0,6.0,5.0
161,CHEMBL1956494,Cc1cc(Nc2cccc(Cl)c2)n2nc(CN)nc2n1,inactive,288.742,2.2884199999999995,2.0,6.0,5.0
162,CHEMBL1956493,Cc1cc(Nc2cccc(Cl)c2)n2nc(CN(C)C)nc2n1,inactive,316.79600000000005,2.8913200000000003,1.0,6.0,5.0
163,CHEMBL1956492,CNCCc1nc2nc(C)cc(Nc3cccc(Cl)c3)n2n1,inactive,316.79600000000005,2.5916200000000007,2.0,6.0,5.0
164,CHEMBL1956491,Cc1cc(Nc2ccc(Cl)cc2)n2nc(CN(C)C)nc2n1,inactive,316.79600000000005,2.8913200000000012,1.0,6.0,5.0
165,CHEMBL1956490,CNCc1nc2nc(C)cc(Nc3ccc(Cl)cc3)n2n1,inactive,302.769,2.5491200000000003,2.0,6.0,5.0
166,CHEMBL1956489,Cc1cc(Nc2ccc(Cl)cc2)n2nc(CN)nc2n1,inactive,288.742,2.2884200000000003,2.0,6.0,5.0
167,CHEMBL1956488,CNCCc1nc2nc(C)cc(Nc3ccc(Cl)cc3)n2n1,inactive,316.79600000000005,2.5916200000000007,2.0,6.0,5.0
168,CHEMBL1956487,Cc1cc(Nc2cccc(Cl)c2)n2[nH]c(=O)nc2n1,inactive,275.699,2.123019999999999,2.0,5.0,5.0
169,CHEMBL1956486,Cc1cc(Nc2ccc(Cl)cc2)n2[nH]c(=O)nc2n1,inactive,275.699,2.12302,2.0,5.0,5.0
170,CHEMBL1956485,Cc1cc(Nc2ccc(Cl)cc2)n2nc(OCCN)nc2n1,inactive,318.7680000000001,2.16722,2.0,7.0,5.0
171,CHEMBL1956484,Cc1cc(Nc2ccc(C(F)(F)F)cc2)n2nc(OCCN)nc2n1,inactive,352.3200000000001,2.5326199999999996,2.0,7.0,5.0
172,CHEMBL1956483,Cc1cc(Nc2cccc(Cl)c2)n2nc(OCCN)nc2n1,inactive,318.7680000000001,2.167219999999999,2.0,7.0,5.0
173,CHEMBL1956482,Cc1cc(Nc2ccc(S(F)(F)(F)(F)F)cc2)n2nc(OCCN(C)C)nc2n1,inactive,438.42600000000016,4.7741200000000035,1.0,7.0,5.0
174,CHEMBL1956481,Cc1cc(Nc2ccc(C(F)(F)F)cc2)n2nc(OCCN(C)C)nc2n1,inactive,380.37400000000014,3.1355200000000014,1.0,7.0,5.0
175,CHEMBL1956480,Cc1cc(Nc2cccc(Cl)c2)n2nc(OCCN(C)C)nc2n1,inactive,346.8220000000001,2.7701200000000004,1.0,7.0,5.0
176,CHEMBL1956479,Cc1cc(Nc2ccc(Cl)cc2)n2nc(OCCN(C)C)nc2n1,inactive,346.8220000000001,2.7701200000000012,1.0,7.0,5.0
177,CHEMBL1955872,CNCCOc1nc2nc(C)cc(Nc3ccc(S(F)(F)(F)(F)F)cc3)n2n1,inactive,424.399,4.4319200000000025,2.0,7.0,5.0
178,CHEMBL1956478,CNCCOc1nc2nc(C)cc(Nc3ccc(C(F)(F)F)cc3)n2n1,inactive,366.34700000000004,2.7933200000000005,2.0,7.0,5.0
179,CHEMBL1956477,CNCCOc1nc2nc(C)cc(Nc3cccc(Cl)c3)n2n1,inactive,332.7950000000001,2.4279200000000003,2.0,7.0,5.0
180,CHEMBL1956476,CNCCOc1nc2nc(C)cc(Nc3ccc(Cl)cc3)n2n1,inactive,332.7950000000001,2.4279200000000003,2.0,7.0,5.0
181,CHEMBL1956475,COCCOc1nc2nc(C)cc(Nc3cccc(Cl)c3)n2n1,intermediate,333.7790000000001,2.854920000000001,1.0,7.0,5.309803919971486
182,CHEMBL1956474,COCCOc1nc2nc(C)cc(Nc3ccc(Cl)cc3)n2n1,inactive,333.77900000000005,2.854920000000001,1.0,7.0,5.0
183,CHEMBL1956473,CCOc1nc2nc(C)cc(Nc3ccc(S(F)(F)(F)(F)F)cc3)n2n1,active,395.357,5.232420000000002,1.0,6.0,7.2441251443275085
184,CHEMBL1956472,CCOc1nc2nc(C)cc(Nc3ccc(C(F)(F)F)cc3)n2n1,active,337.305,3.593820000000002,1.0,6.0,7.251811972993799
185,CHEMBL1956471,CCOc1nc2nc(C)cc(Nc3ccc(Cl)cc3)n2n1,active,303.75300000000004,3.2284200000000016,1.0,6.0,6.568636235841013
186,CHEMBL1956470,CCOc1nc2nc(C)cc(Nc3cccc(Cl)c3)n2n1,active,303.75300000000004,3.2284200000000016,1.0,6.0,6.3979400086720375
187,CHEMBL1956469,COc1nc2nc(C)cc(Nc3ccc(Cl)cc3)n2n1,active,289.726,2.8383200000000004,1.0,6.0,6.337242168318426
188,CHEMBL1956468,COc1nc2nc(C)cc(Nc3cccc(Cl)c3)n2n1,active,289.726,2.8383200000000004,1.0,6.0,6.301029995663981
189,CHEMBL1956467,Cc1cc(Nc2ccc(S(F)(F)(F)(F)F)cc2)n2nc(S(C)(=O)=O)nc2n1,active,429.3960000000001,4.2372200000000015,1.0,7.0,6.958607314841775
190,CHEMBL1956466,Cc1cc(Nc2ccc(C(F)(F)F)cc2)n2nc(S(C)(=O)=O)nc2n1,active,371.34400000000005,2.5986200000000004,1.0,7.0,7.045757490560675
191,CHEMBL1956305,Cc1cc(Nc2cccc(Cl)c2)n2nc(S(C)(=O)=O)nc2n1,active,337.7920000000001,2.2332199999999993,1.0,7.0,6.795880017344075
192,CHEMBL1956304,Cc1cc(Nc2ccc(Cl)cc2)n2nc(S(C)(=O)=O)nc2n1,active,337.7920000000001,2.23322,1.0,7.0,7.346787486224656
193,CHEMBL1956303,CSc1nc2nc(C)cc(Nc3ccc(S(F)(F)(F)(F)F)cc3)n2n1,active,397.398,5.555620000000002,1.0,6.0,7.522878745280337
194,CHEMBL1956302,CSc1nc2nc(C)cc(Nc3ccc(C(F)(F)F)cc3)n2n1,active,339.346,3.9170200000000017,1.0,6.0,7.443697499232712
195,CHEMBL1956301,CSc1nc2nc(C)cc(Nc3cccc(Cl)c3)n2n1,active,305.79400000000004,3.5516200000000016,1.0,6.0,7.585026652029182
196,CHEMBL1956300,CSc1nc2nc(C)cc(Nc3ccc(Cl)cc3)n2n1,active,305.79400000000004,3.5516200000000024,1.0,6.0,7.522878745280337
197,CHEMBL1956299,COCCc1nc2nc(C)cc(Nc3ccc(S(F)(F)(F)(F)F)cc3)n2n1,intermediate,409.384,5.0226200000000025,1.0,6.0,5.6020599913279625
198,CHEMBL1956298,COCCc1nc2nc(C)cc(Nc3ccc(C(F)(F)F)cc3)n2n1,intermediate,351.33200000000005,3.3840200000000014,1.0,6.0,5.6020599913279625
199,CHEMBL1956297,COCCc1nc2nc(C)cc(Nc3cccc(Cl)c3)n2n1,inactive,317.7800000000001,3.018620000000001,1.0,6.0,5.0
200,CHEMBL1956296,COCCc1nc2nc(C)cc(Nc3ccc(Cl)cc3)n2n1,inactive,317.7800000000001,3.018620000000001,1.0,6.0,5.0
201,CHEMBL1956295,COCc1nc2nc(C)cc(Nc3ccc(S(F)(F)(F)(F)F)cc3)n2n1,active,395.357,4.980120000000002,1.0,6.0,6.4089353929735005
202,CHEMBL1956294,COCc1nc2nc(C)cc(Nc3ccc(C(F)(F)F)cc3)n2n1,active,337.305,3.341520000000002,1.0,6.0,6.3872161432802645
203,CHEMBL1956293,COCc1nc2nc(C)cc(Nc3cccc(Cl)c3)n2n1,intermediate,303.75300000000004,2.9761200000000008,1.0,6.0,5.769551078621726
204,CHEMBL1956292,COCc1nc2nc(C)cc(Nc3ccc(Cl)cc3)n2n1,intermediate,303.75300000000004,2.9761200000000008,1.0,6.0,5.657577319177793
205,CHEMBL1956291,Cc1cc(Nc2ccc(S(F)(F)(F)(F)F)cc2)n2nc(C(F)(F)F)nc2n1,active,419.301,5.852520000000002,1.0,5.0,7.522878745280337
206,CHEMBL1956290,Cc1cc(Nc2ccc(C(F)(F)F)cc2)n2nc(C(F)(F)F)nc2n1,active,361.24899999999997,4.213920000000002,1.0,5.0,7.455931955649724
207,CHEMBL1956289,CCC(F)(F)c1nc2nc(C)cc(Nc3ccc(S(F)(F)(F)(F)F)cc3)n2n1,active,429.36499999999995,6.335520000000003,1.0,5.0,7.1249387366083
208,CHEMBL1956288,CCC(F)(F)c1nc2nc(C)cc(Nc3ccc(C(F)(F)F)cc3)n2n1,active,371.313,4.696920000000002,1.0,5.0,7.721246399047171
209,CHEMBL1956287,CCC(F)(F)c1nc2nc(C)cc(Nc3cccc(Cl)c3)n2n1,active,337.7610000000001,4.331520000000003,1.0,5.0,7.522878745280337
210,CHEMBL1956286,CCC(F)(F)c1nc2nc(C)cc(Nc3ccc(Cl)cc3)n2n1,active,337.761,4.331520000000003,1.0,5.0,7.468521082957745
211,CHEMBL1956285,Cc1cc(Nc2ccc(S(F)(F)(F)(F)F)cc2)n2nc(C(C)(F)F)nc2n1,active,415.338,5.945420000000002,1.0,5.0,7.481486060122112
212,CHEMBL1738786,Cc1cc(Nc2ccc(C(F)(F)F)cc2)n2nc(C(C)(F)F)nc2n1,active,357.286,4.306820000000002,1.0,5.0,7.42021640338319
213,CHEMBL1956284,Cc1cc(Nc2cccc(Cl)c2)n2nc(C(C)(F)F)nc2n1,active,323.73400000000004,3.9414200000000017,1.0,5.0,7.267606240177032
214,CHEMBL1956283,Cc1cc(Nc2ccc(Cl)cc2)n2nc(C(C)(F)F)nc2n1,active,323.73400000000004,3.9414200000000026,1.0,5.0,7.42021640338319
215,CHEMBL1956282,Cc1cc(Nc2ccc(S(F)(F)(F)(F)F)cc2)n2nc(CC3CC3)nc2n1,intermediate,405.39600000000013,5.786220000000003,1.0,5.0,5.2441251443275085
216,CHEMBL1956281,Cc1cc(Nc2ccc(C(F)(F)F)cc2)n2nc(CC3CC3)nc2n1,intermediate,347.3440000000001,4.1476200000000025,1.0,5.0,5.769551078621726
217,CHEMBL1955870,Cc1cc(Nc2cccc(Cl)c2)n2nc(CC3CC3)nc2n1,inactive,313.7920000000001,3.7822200000000015,1.0,5.0,5.0
218,CHEMBL1956280,Cc1cc(Nc2ccc(Cl)cc2)n2nc(CC3CC3)nc2n1,inactive,313.7920000000001,3.7822200000000024,1.0,5.0,4.920818753952375
219,CHEMBL1956279,Cc1cc(Nc2ccc(S(F)(F)(F)(F)F)cc2)n2nc(C3CC3)nc2n1,active,391.3690000000001,5.711120000000002,1.0,5.0,7.031517051446065
220,CHEMBL1956278,Cc1cc(Nc2ccc(C(F)(F)F)cc2)n2nc(C3CC3)nc2n1,active,333.31700000000006,4.072520000000003,1.0,5.0,6.853871964321762
221,CHEMBL1956277,Cc1cc(Nc2cccc(Cl)c2)n2nc(C3CC3)nc2n1,active,299.76500000000004,3.7071200000000015,1.0,5.0,6.086186147616283
222,CHEMBL1956276,Cc1cc(Nc2ccc(Cl)cc2)n2nc(C3CC3)nc2n1,active,299.76500000000004,3.7071200000000024,1.0,5.0,6.055517327849832
223,CHEMBL1956275,CCC(C)c1nc2nc(C)cc(Nc3ccc(S(F)(F)(F)(F)F)cc3)n2n1,active,407.412,6.347220000000003,1.0,5.0,6.481486060122113
224,CHEMBL1956274,CCC(C)c1nc2nc(C)cc(Nc3ccc(C(F)(F)F)cc3)n2n1,active,349.36,4.708620000000003,1.0,5.0,6.42021640338319
225,CHEMBL1956273,Cc1cc(Nc2ccc(S(F)(F)(F)(F)F)cc2)n2nc(C(C)(C)C)nc2n1,active,407.4120000000001,6.1312200000000034,1.0,5.0,6.259637310505756
226,CHEMBL1956272,Cc1cc(Nc2ccc(C(F)(F)F)cc2)n2nc(C(C)(C)C)nc2n1,active,349.36000000000007,4.492620000000003,1.0,5.0,6.337242168318426
227,CHEMBL1956271,Cc1cc(Nc2ccc(S(F)(F)(F)(F)F)cc2)n2nc(CC(C)C)nc2n1,inactive,407.4120000000001,6.032220000000003,1.0,5.0,5.0
228,CHEMBL1956270,Cc1cc(Nc2ccc(C(F)(F)F)cc2)n2nc(CC(C)C)nc2n1,intermediate,349.36000000000007,4.393620000000003,1.0,5.0,5.698970004336019
229,CHEMBL1956261,Cc1cc(Nc2cccc(Cl)c2)n2nc(CC(C)C)nc2n1,inactive,315.80800000000005,4.028220000000002,1.0,5.0,5.0
230,CHEMBL1956260,Cc1cc(Nc2ccc(Cl)cc2)n2nc(CC(C)C)nc2n1,inactive,315.80800000000005,4.028220000000003,1.0,5.0,5.0
231,CHEMBL1956269,Cc1cc(Nc2ccc(S(F)(F)(F)(F)F)cc2)n2nc(C(C)C)nc2n1,active,393.38500000000005,5.957120000000002,1.0,5.0,7.0
232,CHEMBL1956268,Cc1cc(Nc2ccc(C(F)(F)F)cc2)n2nc(C(C)C)nc2n1,active,335.333,4.318520000000003,1.0,5.0,6.958607314841775
233,CHEMBL1956267,Cc1cc(Nc2cccc(Cl)c2)n2nc(C(C)C)nc2n1,active,301.78100000000006,3.953120000000002,1.0,5.0,6.920818753952375
234,CHEMBL1956266,Cc1cc(Nc2ccc(Cl)cc2)n2nc(C(C)C)nc2n1,active,301.78100000000006,3.953120000000003,1.0,5.0,6.481486060122113
235,CHEMBL1956265,CCc1nc2nc(C)cc(Nc3ccc(S(F)(F)(F)(F)F)cc3)n2n1,active,379.358,5.3961200000000025,1.0,5.0,6.823908740944319
236,CHEMBL1956264,CCc1nc2nc(C)cc(Nc3ccc(C(F)(F)F)cc3)n2n1,active,321.306,3.757520000000002,1.0,5.0,7.060480747381382
237,CHEMBL1956263,CCc1nc2nc(C)cc(Nc3cccc(Cl)c3)n2n1,active,287.754,3.392120000000002,1.0,5.0,6.619788758288394
238,CHEMBL1956262,CCc1nc2nc(C)cc(Nc3ccc(Cl)cc3)n2n1,active,287.754,3.392120000000001,1.0,5.0,6.552841968657781
239,CHEMBL2012819,NC(=O)c1ccc(-n2cnc3ccccc32)s1,inactive,243.291,2.1859,1.0,4.0,4.522878745280337
240,CHEMBL2012820,CNC(=O)c1ccc(-n2cnc3ccccc32)s1,intermediate,257.318,2.4466,1.0,4.0,5.966576244513051
241,CHEMBL2012821,CCNC(=O)c1ccc(-n2cnc3ccccc32)s1,active,271.34499999999997,2.8367000000000013,1.0,4.0,6.853871964321762
242,CHEMBL2012822,CCCNC(=O)c1ccc(-n2cnc3ccccc32)s1,active,285.372,3.2268000000000017,1.0,4.0,6.154901959985743
243,CHEMBL2012823,CC(C)NC(=O)c1ccc(-n2cnc3ccccc32)s1,active,285.372,3.225200000000002,1.0,4.0,6.167491087293763
244,CHEMBL2012824,O=C(NC1CC1)c1ccc(-n2cnc3ccccc32)s1,active,283.356,2.9792000000000014,1.0,4.0,7.221848749616356
245,CHEMBL2012825,O=C(NC1CCC1)c1ccc(-n2cnc3ccccc32)s1,active,297.38300000000004,3.3693000000000026,1.0,4.0,6.376750709602099
246,CHEMBL2012826,CCCCNC(=O)c1ccc(-n2cnc3ccccc32)s1,inactive,299.399,3.616900000000002,1.0,4.0,4.543633966870957
247,CHEMBL2012827,O=C(NC1CCCC1)c1ccc(-n2cnc3ccccc32)s1,intermediate,311.4100000000001,3.759400000000003,1.0,4.0,5.600326278518962
248,CHEMBL2012828,CN(C)C(=O)c1ccc(-n2cnc3ccccc32)s1,inactive,271.34499999999997,2.788800000000001,0.0,4.0,4.522878745280337
249,CHEMBL2012829,Cc1nc2ccccc2n1-c1ccc(C(=O)NC2CC2)s1,active,297.383,3.2876200000000013,1.0,4.0,7.096910013008056
250,CHEMBL2012830,CCc1nc2ccccc2n1-c1ccc(C(=O)NC2CC2)s1,active,311.4100000000001,3.5416000000000025,1.0,4.0,6.958607314841775
251,CHEMBL2012831,CCCc1nc2ccccc2n1-c1ccc(C(=O)NC2CC2)s1,active,325.43700000000007,3.931700000000003,1.0,4.0,6.7447274948966935
252,CHEMBL2012940,O=C(NC1CC1)c1ccc(-n2c(=O)[nH]c3ccccc32)s1,inactive,299.355,2.2725,2.0,4.0,4.522878745280337
253,CHEMBL2012941,O=C(NC1CC1)c1ccc(-n2c(C(F)(F)F)nc3ccccc32)s1,active,351.353,3.998000000000002,1.0,4.0,6.2441251443275085
254,CHEMBL2012942,CN(C)c1nc2ccccc2n1-c1ccc(C(=O)NC2CC2)s1,intermediate,326.42500000000007,3.0452000000000012,1.0,5.0,5.251811972993799
255,CHEMBL2012943,Cc1cccc2c1nc(C)n2-c1ccc(C(=O)NC2CC2)s1,active,311.4100000000001,3.596040000000002,1.0,4.0,7.4089353929735005
256,CHEMBL2012944,Cc1ccc2c(c1)nc(C)n2-c1ccc(C(=O)NC2CC2)s1,active,311.4100000000001,3.596040000000002,1.0,4.0,7.251811972993799
257,CHEMBL2012945,Cc1ccc2nc(C)n(-c3ccc(C(=O)NC4CC4)s3)c2c1,active,311.41,3.596040000000002,1.0,4.0,7.251811972993799
258,CHEMBL2012946,Cc1cccc2nc(C)n(-c3ccc(C(=O)NC4CC4)s3)c12,active,311.4100000000001,3.596040000000002,1.0,4.0,6.215382707367125
259,CHEMBL1234899,Cc1nc2cc(OC(F)(F)F)ccc2n1-c1ccc(C(=O)NC2CC2)s1,active,381.37900000000013,4.186220000000002,1.0,5.0,7.657577319177793
260,CHEMBL2012947,Cc1nc2ccc(OC(F)(F)F)cc2n1-c1ccc(C(=O)NC2CC2)s1,active,381.3790000000001,4.186220000000002,1.0,5.0,7.2839966563652006
261,CHEMBL2012948,Cc1nc2cc(C(F)(F)F)ccc2n1-c1ccc(C(=O)NC2CC2)s1,active,365.3800000000001,4.306420000000002,1.0,4.0,7.552841968657781
262,CHEMBL2012949,Cc1nc2ccc(C(F)(F)F)cc2n1-c1ccc(C(=O)NC2CC2)s1,active,365.3800000000001,4.306420000000002,1.0,4.0,7.036212172654444
263,CHEMBL2012950,COc1cccc2c1nc(C)n2-c1ccc(C(=O)NC2CC2)s1,active,327.4090000000001,3.2962200000000017,1.0,5.0,6.790484985457369
264,CHEMBL2012951,Cc1nc2c(OC(F)F)cccc2n1-c1ccc(C(=O)NC2CC2)s1,active,363.3890000000001,3.889020000000002,1.0,5.0,7.356547323513812
265,CHEMBL2012952,Cc1nc2c(OCCF)cccc2n1-c1ccc(C(=O)NC2CC2)s1,active,359.4260000000001,3.6359200000000023,1.0,5.0,7.552841968657781
266,CHEMBL2012953,Cc1nc2c(F)cccc2n1-c1ccc(C(=O)NC2CC2)s1,active,315.37300000000005,3.4267200000000013,1.0,4.0,7.468521082957745
267,CHEMBL2012954,Cc1nc2ccc(F)cc2n1-c1ccc(C(=O)NC2CC2)s1,active,315.37300000000005,3.4267200000000013,1.0,4.0,6.954677021213342
268,CHEMBL2012955,Cc1nc2c(Cl)cccc2n1-c1ccc(C(=O)NC2CC2)s1,active,331.82800000000003,3.9410200000000017,1.0,4.0,7.6777807052660805
269,CHEMBL2012956,Cc1nc2cc(Cl)ccc2n1-c1ccc(C(=O)NC2CC2)s1,active,331.82800000000003,3.9410200000000026,1.0,4.0,7.309803919971486
270,CHEMBL2012957,Cc1nc2c(Br)cccc2n1-c1ccc(C(=O)NC2CC2)s1,active,376.27900000000017,4.050120000000002,1.0,4.0,7.6777807052660805
271,CHEMBL2012958,Cc1nc2c(C#N)cccc2n1-c1ccc(C(=O)NC2CC2)s1,active,322.3930000000001,3.1593000000000018,1.0,5.0,7.3979400086720375
272,CHEMBL2012959,Cc1nc2c(N(C)C)cccc2n1-c1ccc(C(=O)NC2CC2)s1,active,340.45200000000006,3.353620000000002,1.0,5.0,6.7423214251308154
273,CHEMBL2012960,Cc1cc(F)c2nc(C)n(-c3ccc(C(=O)NC4CC4)s3)c2c1,active,329.40000000000015,3.735140000000002,1.0,4.0,7.494850021680094
274,CHEMBL2012961,Cc1cc(F)c2ncn(-c3ccc(C(=O)NC4CC4)s3)c2c1,active,315.3730000000001,3.4267200000000013,1.0,4.0,7.769551078621726
275,CHEMBL2012962,Cc1nc2c(Cl)cc(F)cc2n1-c1ccc(C(=O)NC2CC2)s1,active,349.8180000000001,4.080120000000002,1.0,4.0,7.6020599913279625
276,CHEMBL2012963,O=C(NC1CC1)c1ccc(-n2cnc3c(Cl)cc(F)cc32)s1,active,335.79100000000005,3.771700000000002,1.0,4.0,7.455931955649724
277,CHEMBL2012964,Cc1cc(F)c2c(c1)ncn2-c1ccc(C(=O)NC2CC2)s1,active,315.3730000000001,3.4267200000000013,1.0,4.0,7.022276394711152
278,CHEMBL2012965,O=C(NC1CC1)c1ccc(-n2cnc3cc(C(F)(F)F)ccc32)s1,active,351.353,3.998000000000002,1.0,4.0,7.721246399047171
279,CHEMBL2012966,O=C(NC1CC1)c1ccc(-n2cnc3c(F)cccc32)s1,active,301.346,3.1183000000000014,1.0,4.0,7.2076083105017466
280,CHEMBL2047243,Nc1nc2c(c(Nc3ccccc3)n1)-c1ccccc1C2,inactive,274.32700000000006,3.3736000000000015,2.0,4.0,3.6989700043360187
281,CHEMBL2047246,Nc1nc2c(c(Nc3cccc(F)c3)n1)-c1ccccc1C2,inactive,292.31700000000006,3.5127000000000015,2.0,4.0,3.6989700043360187
282,CHEMBL2047247,Nc1nc2c(c(Nc3ccc(Cl)cc3)n1)-c1ccccc1C2,inactive,308.77200000000005,4.027000000000001,2.0,4.0,3.6989700043360187
283,CHEMBL2047248,Nc1nc2c(c(Nc3cccc(Br)c3)n1)-c1ccccc1C2,inactive,353.22300000000007,4.136100000000002,2.0,4.0,3.6989700043360187
284,CHEMBL2047251,COc1cccc(Nc2nc(N)nc3c2-c2ccccc2C3)c1,inactive,304.35300000000007,3.382200000000001,2.0,5.0,3.6989700043360187
285,CHEMBL2047253,Nc1nc2c(c(Nc3ccc(Cl)cc3F)n1)-c1ccccc1C2,inactive,326.76200000000006,4.166100000000002,2.0,4.0,3.6989700043360187
286,CHEMBL2172226,Cc1cc(Nc2ccc(C(F)(F)F)cc2)n2ccnc2n1,active,292.264,3.8001200000000024,1.0,4.0,7.113509274827518
287,CHEMBL2172229,Cc1nc(Nc2n[nH]cc2C#N)c2nc[nH]c2n1,inactive,240.23000000000002,0.9996999999999998,3.0,6.0,4.0
288,CHEMBL2172228,Cc1nc(Nc2ccc3ncccc3c2)c2nc[nH]c2n1,inactive,276.303,2.95312,2.0,5.0,4.6020599913279625
289,CHEMBL2172227,Cc1nc(Nc2cnc3ccccc3c2)c2nc[nH]c2n1,inactive,276.30300000000005,2.95312,2.0,5.0,4.568636235841013
290,CHEMBL2172230,Cc1nc(Nc2ccc3cc4ccccc4cc3c2)c2nc[nH]c2n1,intermediate,325.37500000000006,4.711320000000002,2.0,4.0,5.318758762624412
291,CHEMBL2172231,Cc1cc(Nc2ccc3ccccc3c2)c2nncn2n1,inactive,275.315,3.3295200000000014,1.0,5.0,4.301029995663981
292,CHEMBL2172232,Cc1nc(Nc2ccc3ccccc3c2)c2cn[nH]c2n1,inactive,275.31500000000005,3.5581200000000006,2.0,4.0,4.0
293,CHEMBL2172233,Cc1nc(Nc2ccc3ccccc3c2)c2nc[nH]c2n1,active,275.31500000000005,3.5581200000000006,2.0,4.0,6.356547323513812
294,CHEMBL2172234,Cc1cc(Nc2ccc3ccccc3c2)n2nccc2n1,active,274.32700000000006,3.934520000000002,1.0,4.0,6.3979400086720375
295,CHEMBL2172235,Cc1cc(Nc2ccc3ccccc3c2)n2ncnc2c1,intermediate,274.32700000000006,3.934520000000002,1.0,4.0,5.318758762624412
296,CHEMBL2172236,Cc1cc(Nc2ccc3ccccc3c2)n2ccnc2n1,active,274.32700000000006,3.9345200000000027,1.0,4.0,6.823908740944319
297,CHEMBL2172237,Cc1cc(NC(=O)c2ccc(C(F)(F)F)cc2)n2ncnc2n1,inactive,321.262,2.7038200000000003,1.0,5.0,4.0
298,CHEMBL2172238,Cc1cc(NC(=O)c2ccccc2)n2ncnc2n1,inactive,253.26500000000004,1.6850199999999995,1.0,5.0,4.0
299,CHEMBL2170881,CCOC(=O)c1c(-c2ccc3c(c2)OCO3)[nH]c2cc(OC)c(F)cc2c1=O,inactive,385.34700000000015,3.2482000000000006,1.0,6.0,4.522878745280337
300,CHEMBL2170884,CCOC(=O)c1c(-c2cccc(Oc3ccccc3)c2)[nH]c2cc(OC)c(F)cc2c1=O,inactive,433.4350000000002,5.311800000000004,1.0,5.0,4.522878745280337
301,CHEMBL2170887,CCOC(=O)c1c(-c2cccc(Cl)c2)[nH]c2cc(OC)c(F)cc2c1=O,inactive,375.7830000000002,4.172900000000003,1.0,4.0,4.522878745280337
302,CHEMBL1093727,CCOC(=O)c1c(-c2cccc(F)c2)[nH]c2cc(OC)ccc2c1=O,inactive,341.33800000000014,3.5195000000000016,1.0,4.0,4.522878745280337
303,CHEMBL222556,O=c1cc(-c2ccc(O)c(O)c2)oc2ccccc12,intermediate,254.24099999999999,2.871200000000001,2.0,4.0,5.023191662661934
304,CHEMBL2178109,O=C(Nc1nc2ccccc2s1)c1ccc(Cl)cc1Cl,intermediate,323.20400000000006,4.855400000000001,1.0,3.0,5.330683119433888
305,CHEMBL2178105,O=C(Nc1nc2ccccc2s1)c1cccc(C(Cl)(Cl)Cl)c1,intermediate,371.67599999999993,5.375300000000001,1.0,3.0,5.714442690992226
306,CHEMBL2178108,CC(=O)c1sc(Nc2ccc(C)c(Cl)c2)nc1C,active,280.78000000000003,4.359540000000002,1.0,4.0,6.119186407719209
307,CHEMBL2178512,Cc1cc(NCc2ccccc2)n2nc(SCc3ccccc3)nc2n1,inactive,361.4740000000001,4.337120000000003,1.0,6.0,4.0
308,CHEMBL2178511,Cc1cc(N)n2nc(SCc3ccc(Cl)c(Cl)c3)nc2n1,inactive,340.2390000000001,3.614020000000002,1.0,6.0,4.0
309,CHEMBL2177862,Cc1cc(N)n2nc(SCc3ccccc3)nc2n1,inactive,271.34900000000005,2.30722,1.0,6.0,4.0
310,CHEMBL2177861,CCc1cc(O)n2nc(SCc3cc(Cl)ccc3Cl)nc2n1,inactive,355.25000000000006,3.9914000000000014,1.0,6.0,4.0
311,CHEMBL2177860,CCc1cc(O)n2nc(SCc3ccc(Cl)cc3)nc2n1,inactive,320.805,3.338000000000002,1.0,6.0,4.0
312,CHEMBL2177859,Cc1cc(C)cc(CSc2nc3nc(C)cc(O)n3n2)c1,inactive,300.387,3.047460000000001,1.0,6.0,4.721246399047171
313,CHEMBL2177858,Cc1cc(O)n2nc(SCc3cc(Cl)ccc3Cl)nc2n1,inactive,341.223,3.737420000000001,1.0,6.0,4.958607314841775
314,CHEMBL2177857,Cc1cc(O)n2nc(SCc3c(Cl)cccc3Cl)nc2n1,intermediate,341.223,3.737420000000001,1.0,6.0,5.455931955649724
315,CHEMBL2177856,Cc1cc(O)n2nc(SCc3ccc(Cl)c(Cl)c3)nc2n1,intermediate,341.223,3.737420000000001,1.0,6.0,5.721246399047171
316,CHEMBL135703,Cc1cc(O)n2nc(SCc3ccccc3)nc2n1,inactive,272.333,2.4306199999999993,1.0,6.0,4.207608310501746
317,CHEMBL2177855,Cc1cc(O)n2nc(SCc3ccccc3[N+](=O)[O-])nc2n1,inactive,317.3300000000001,2.33882,1.0,8.0,4.0
318,CHEMBL2177854,COc1ccc(CSc2nc3nc(C)cc(O)n3n2)cc1,inactive,302.359,2.4392200000000006,1.0,7.0,4.6777807052660805
319,CHEMBL2177853,Cc1cc(O)n2nc(SCc3ccc(Br)cc3)nc2n1,inactive,351.22900000000004,3.1931200000000013,1.0,6.0,4.481486060122113
320,CHEMBL2178514,Cc1ccc(CSc2nc3nc(C)cc(O)n3n2)cc1,inactive,286.36,2.739040000000001,1.0,6.0,4.585026652029182
321,CHEMBL2178513,Cc1cc(O)n2nc(SCc3cccc(Cl)c3)nc2n1,intermediate,306.778,3.0840200000000006,1.0,6.0,5.251811972993799
322,CHEMBL1599552,Cc1cc(O)n2nc(SCc3ccccc3Cl)nc2n1,inactive,306.7780000000001,3.0840200000000006,1.0,6.0,4.552841968657781
323,CHEMBL1704856,Cc1cc(O)n2nc(SCc3ccc(Cl)cc3)nc2n1,active,306.778,3.0840200000000015,1.0,6.0,6.0
324,CHEMBL141195,N#C/C(C(=O)Nc1ccc(C#N)cc1)=C(/O)C1CC1,inactive,253.26099999999997,2.2424600000000003,2.0,4.0,3.150000002689481
325,CHEMBL344556,N#C/C(C(=O)Nc1ccc([N+](=O)[O-])cc1)=C(/O)C1CC1,inactive,273.24800000000005,2.2789800000000007,2.0,5.0,3.2699999970646445
326,CHEMBL141040,Cc1ccc(NC(=O)/C(C#N)=C(\O)C2CC2)cc1,inactive,242.278,2.6792000000000007,2.0,3.0,3.0599999999781002
327,CHEMBL2234192,O=C(Nc1ccc(Cl)cc1)Nc1cccc2cccnc12,active,297.74500000000006,4.532200000000002,2.0,2.0,6.260000690598032
328,CHEMBL2234191,COc1ccccc1NC(=O)Nc1cccc2ccccc12,active,292.338,4.492400000000003,2.0,2.0,6.599997654072044
329,CHEMBL1331783,O=C(Nc1ccccc1C(F)(F)F)Nc1cccc2ccccc12,active,330.309,5.502600000000003,2.0,1.0,6.699991797446187
330,CHEMBL2234190,Cc1cccc(NC(=O)c2cccc([N+](=O)[O-])c2C)c1,active,270.288,3.463940000000002,1.0,3.0,6.519993057042849
331,CHEMBL2234189,Cc1c(C(=O)Nc2ccc(Cl)c(Cl)c2)cccc1[N+](=O)[O-],active,325.15100000000007,4.462320000000003,1.0,3.0,6.599997654072044
332,CHEMBL2234188,Cc1c(C(=O)Nc2cccc3ccccc23)cccc1[N+](=O)[O-],active,306.3210000000001,4.308720000000003,1.0,3.0,7.0
333,CHEMBL2234187,Cc1c(C(=O)Nc2ccc(F)c(F)c2)cccc1[N+](=O)[O-],active,292.241,3.433720000000002,1.0,3.0,6.819988880942282
334,CHEMBL2234186,Cc1c(C(=O)Nc2ccc(F)c(Cl)c2)cccc1[N+](=O)[O-],active,308.696,3.9480200000000023,1.0,3.0,7.0
335,CHEMBL2234185,Cc1c(C(=O)Nc2cccc(Br)c2)cccc1[N+](=O)[O-],active,335.15700000000004,3.918020000000002,1.0,3.0,7.0
336,CHEMBL2234184,O=C(Nc1ccccc1F)c1ccc2ccccc2c1,active,265.287,4.231200000000002,1.0,1.0,6.599997654072044
337,CHEMBL2234183,Cc1ccc(NC(=O)c2ccc3ccccc3c2)c(Cl)c1,active,295.769,5.053920000000002,1.0,1.0,6.819988880942282
338,CHEMBL2234182,O=C(Nc1ccc(Cl)cc1Cl)c1ccc2ccccc2c1,active,316.187,5.398900000000003,1.0,1.0,7.0
339,CHEMBL2431502,CCOC(=O)C1=C(Nc2ccc(C(F)(F)F)cc2)OCC1=O,active,315.24700000000007,2.4913000000000007,1.0,5.0,6.847711655616943
340,CHEMBL2431501,CCOC(=O)C1=C(Nc2ccc(S(F)(F)(F)(F)F)cc2)OCC1=O,active,373.2990000000001,4.129900000000002,1.0,5.0,6.774690718274137
341,CHEMBL2431500,CCOC(=O)C1=C(Nc2ccc3c(c2)CCC3)OCC1=O,active,287.31500000000005,1.9612,1.0,5.0,7.187086643357144
342,CHEMBL2431499,CCOC(=O)C1=C(Nc2ccc3c(c2)CCCC3)OCC1=O,active,301.34200000000004,2.3513,1.0,5.0,7.7447274948966935
343,CHEMBL2431498,CCOC(=O)C1=C(Nc2cnc3ccccc3c2)OCC1=O,active,298.2980000000001,2.0206999999999997,1.0,6.0,7.102372908709558
344,CHEMBL2431497,CCOC(=O)C1=C(Nc2ccc(C)c(C)c2)OCC1=O,active,275.30400000000003,2.08934,1.0,5.0,6.156144577376839
345,CHEMBL2431496,CCOC(=O)C1=C(Nc2ccc3ccccc3c2)OCC1=O,active,297.3100000000001,2.625700000000001,1.0,5.0,8.221848749616356
346,CHEMBL2431495,O=C1CSC(Nc2ccc3ccccc3c2)=C1C(=O)NCC1CC1,inactive,338.43200000000013,3.3054000000000014,2.0,4.0,4.301029995663981
347,CHEMBL2431494,O=C1CSC(Nc2ccc3ccccc3c2)=C1C(=O)NC1CC1,inactive,324.4050000000001,3.0578000000000003,2.0,4.0,4.879097182385473
348,CHEMBL2431493,CCCCNC(=O)C1=C(Nc2ccc3ccccc3c2)SCC1=O,inactive,340.4480000000001,3.695500000000002,2.0,4.0,4.301029995663981
349,CHEMBL2431492,CCCNC(=O)C1=C(Nc2ccc3ccccc3c2)SCC1=O,inactive,326.4210000000001,3.3054000000000014,2.0,4.0,4.301029995663981
350,CHEMBL2431491,CCNC(=O)C1=C(Nc2ccc3ccccc3c2)SCC1=O,inactive,312.3940000000001,2.915300000000001,2.0,4.0,4.9186166825377144
351,CHEMBL2431490,CCCCOC(=O)C1=C(Nc2ccc3ccccc3c2)SCC1=O,inactive,341.4320000000001,4.122500000000002,1.0,5.0,4.448891716356374
352,CHEMBL2431489,CCCOC(=O)C1=C(Nc2ccc3ccccc3c2)SCC1=O,active,327.4050000000001,3.732400000000002,1.0,5.0,6.021819483062586
353,CHEMBL2431488,COC(=O)C1=C(Nc2ccc3ccccc3c2)SCC1=O,active,299.3510000000001,2.9522000000000013,1.0,5.0,7.481486060122112
354,CHEMBL2431487,Cc1ccc(NC2=C(C(=O)NCC3CC3)C(=O)CS2)cc1C,intermediate,316.426,2.7690400000000013,2.0,4.0,5.4362816600343224
355,CHEMBL2431486,Cc1ccc(NC2=C(C(=O)NC3CC3)C(=O)CS2)cc1C,inactive,302.399,2.521440000000001,2.0,4.0,4.718648418327263
356,CHEMBL2431485,CCCCNC(=O)C1=C(Nc2ccc(C)c(C)c2)SCC1=O,intermediate,318.44200000000006,3.1591400000000016,2.0,4.0,5.241618058225325
357,CHEMBL2431484,CCCNC(=O)C1=C(Nc2ccc(C)c(C)c2)SCC1=O,intermediate,304.4150000000001,2.7690400000000013,2.0,4.0,5.334137699796845
358,CHEMBL2431483,CCNC(=O)C1=C(Nc2ccc(C)c(C)c2)SCC1=O,inactive,290.3880000000001,2.37894,2.0,4.0,4.403952992454561
359,CHEMBL2431482,Cc1ccc(NC2=C(C(N)=O)C(=O)CS2)cc1C,inactive,262.334,1.7281399999999998,2.0,4.0,4.301029995663981
360,CHEMBL2431481,Cc1ccc(NC2=C(C(=O)OCC3CC3)C(=O)CS2)cc1C,intermediate,317.40999999999997,3.1960400000000018,1.0,5.0,5.3810110796350665
361,CHEMBL2431480,CCCCOC(=O)C1=C(Nc2ccc(C)c(C)c2)SCC1=O,intermediate,319.42600000000004,3.586140000000002,1.0,5.0,5.628932137728264
362,CHEMBL2431523,CCCOC(=O)C1=C(Nc2ccc(C)c(C)c2)SCC1=O,intermediate,305.39900000000006,3.1960400000000018,1.0,5.0,5.394479476562531
363,CHEMBL2431522,COC(=O)C1=C(Nc2ccc(C)c(C)c2)SCC1=O,intermediate,277.345,2.41584,1.0,5.0,5.827981190575444
364,CHEMBL2431521,O=C(O)C1=C(Nc2ccc3ccccc3c2)SCC1=O,intermediate,285.32400000000007,2.8638000000000012,2.0,4.0,5.907279355315901
365,CHEMBL2431520,Cc1ccc(NC2=C(C(=O)O)C(=O)CS2)cc1C,inactive,263.318,2.32744,2.0,4.0,4.301029995663981
366,CHEMBL2431519,Cc1ccc(NC2=CC(=O)CS2)cc1C,inactive,219.309,2.8726400000000014,1.0,3.0,4.941536014397749
367,CHEMBL2431518,CCOC(=O)C1=C(Nc2ccc3c(c2)c2ccccc2n3CC)SCC1=O,active,380.4690000000002,4.316900000000003,1.0,6.0,6.406713932979542
368,CHEMBL2431517,CCOC(=O)C1=C(Nc2ccc3cc4ccccc4cc3c2)SCC1=O,active,363.43800000000016,4.4955000000000025,1.0,5.0,6.705533773838407
369,CHEMBL2431516,CCOC(=O)C1=C(Nc2ccc3c(c2)CCC3)SCC1=O,active,303.38300000000004,2.6778000000000004,1.0,5.0,6.070070439915412
370,CHEMBL2431515,CCOC(=O)C1=C(Nc2ccc3ccccc3c2)SCC1=O,active,313.3780000000001,3.3423000000000016,1.0,5.0,7.698970004336019
371,CHEMBL2431514,CCOC(=O)C1=C(Nc2cnc3ccccc3c2)SCC1=O,active,314.3660000000001,2.737300000000001,1.0,6.0,6.454692883534176
372,CHEMBL2431513,CCOC(=O)C1=C(Nc2ccc3c(c2)CCCC3)SCC1=O,active,317.41,3.0679000000000016,1.0,5.0,7.036212172654444
373,CHEMBL2431512,CCOC(=O)C1=C(Nc2ccc(Br)cc2C)SCC1=O,inactive,356.24100000000016,3.2600200000000017,1.0,5.0,4.301029995663981
374,CHEMBL2431511,CCOC(=O)C1=C(Nc2ccc(C)c(F)c2)SCC1=O,active,295.3350000000001,2.6366200000000006,1.0,5.0,6.27083521030723
375,CHEMBL2431510,CCOC(=O)C1=C(Nc2ccc(C)c(C)c2)SCC1=O,active,291.37200000000007,2.8059400000000014,1.0,5.0,6.59176003468815
376,CHEMBL2431509,CCOC(=O)C1=C(Nc2cc(Cl)cc(Cl)c2)SCC1=O,intermediate,332.2080000000001,3.4959000000000016,1.0,5.0,5.925183559354825
377,CHEMBL2431508,CCOC(=O)C1=C(Nc2cccc(C(F)(F)F)c2)SCC1=O,inactive,331.31500000000005,3.2079000000000013,1.0,5.0,4.301029995663981
378,CHEMBL2431507,CCOC(=O)C1=C(Nc2ccc(Br)c(C(F)(F)F)c2)SCC1=O,intermediate,410.21100000000007,3.9704000000000015,1.0,5.0,5.791827473332878
379,CHEMBL2431506,CCOC(=O)C1=C(Nc2ccc(Cl)c(C(F)(F)F)c2)SCC1=O,active,365.7600000000001,3.8613000000000017,1.0,5.0,6.124360062995832
380,CHEMBL2431505,CCOC(=O)C1=C(Nc2ccc(C(C)(C)C)cc2)SCC1=O,active,319.4260000000001,3.486600000000003,1.0,5.0,6.6439741428068775
381,CHEMBL2431504,CCOC(=O)C1=C(Nc2ccc(S(F)(F)(F)(F)F)cc2)SCC1=O,active,389.3670000000001,4.846500000000002,1.0,5.0,6.252588192113577
382,CHEMBL2431503,CCOC(=O)C1=C(Nc2ccc(C(F)(F)F)cc2)SCC1=O,active,331.31500000000005,3.2079000000000013,1.0,5.0,6.43533393574791
383,CHEMBL1334527,CCOC(=O)C1=C(Nc2ccccc2)SCC1=O,inactive,263.31800000000004,2.1891,1.0,5.0,4.301029995663981
384,CHEMBL1732938,CCOC(=O)C1=C(Nc2ccc(Cl)cc2)SCC1=O,intermediate,297.7630000000001,2.842500000000001,1.0,5.0,5.953504835665291
385,CHEMBL3218512,O=C(NCC(c1ccccc1)c1ccccc1)c1ccccc1O,inactive,317.38800000000003,3.9541000000000035,2.0,2.0,4.673664139071248
386,CHEMBL3218515,O=C(NCC(c1ccccc1)c1ccccc1)c1cccc(Cl)c1O,inactive,351.8330000000001,4.6075000000000035,2.0,2.0,4.355561410532162
387,CHEMBL3218516,O=C(NCC(c1ccccc1)c1ccccc1)c1ccc(Cl)cc1O,inactive,351.8330000000001,4.6075000000000035,2.0,2.0,4.987162775294828
388,CHEMBL3218517,O=C(NCC(c1ccccc1)c1ccccc1)c1cc(Cl)ccc1O,intermediate,351.8330000000001,4.6075000000000035,2.0,2.0,5.040958607678906
389,CHEMBL3218518,O=C(NCC(c1ccccc1)c1ccccc1)c1cc(Cl)cc(Cl)c1O,intermediate,386.27800000000013,5.260900000000003,2.0,2.0,5.154901959985743
390,CHEMBL3218519,O=C(NCC(c1ccccc1)c1ccccc1)c1cc(Br)ccc1O,inactive,396.28400000000005,4.716600000000004,2.0,2.0,4.966576244513051
391,CHEMBL3217764,O=C(NCC(c1ccccc1)c1ccccc1)c1cccc(F)c1O,inactive,335.37800000000004,4.093200000000003,2.0,2.0,4.583359492661719
392,CHEMBL3218520,O=C(NCC(c1ccccc1)c1ccccc1)c1ccc(F)c(F)c1O,intermediate,353.36800000000005,4.232300000000003,2.0,2.0,5.00436480540245
393,CHEMBL3218521,O=C(NCC(c1ccccc1)c1ccccc1)c1c(O)cccc1F,inactive,335.37800000000004,4.093200000000003,2.0,2.0,3.9030899869919438
394,CHEMBL3218522,Cc1ccc(O)c(C(=O)NCC(c2ccccc2)c2ccccc2)c1,inactive,331.415,4.262520000000003,2.0,2.0,4.841637507904751
395,CHEMBL3218523,COc1cccc(C(=O)NCC(c2ccccc2)c2ccccc2)c1O,inactive,347.41400000000004,3.962700000000003,2.0,3.0,3.3010299956639813
396,CHEMBL3218524,COc1ccc(C(=O)NCC(c2ccccc2)c2ccccc2)c(O)c1,inactive,347.41400000000004,3.9627000000000026,2.0,3.0,4.853871964321762
397,CHEMBL3218525,COc1ccc(O)c(C(=O)NCC(c2ccccc2)c2ccccc2)c1,inactive,347.41400000000004,3.9627000000000026,2.0,3.0,4.7423214251308154
398,CHEMBL3218526,COc1cccc(O)c1C(=O)NCC(c1ccccc1)c1ccccc1,inactive,347.41400000000004,3.9627000000000026,2.0,3.0,3.9030899869919438
399,CHEMBL3218527,O=C(NCC(c1ccccc1)c1ccccc1)c1cccc(CO)c1O,inactive,347.4140000000001,3.4464000000000032,3.0,3.0,4.0
400,CHEMBL3218528,O=C(NCC(c1ccccc1)c1ccccc1)c1ccc(CO)cc1O,inactive,347.4140000000001,3.446400000000003,3.0,3.0,4.335358024443875
401,CHEMBL3218529,O=C(NCC(c1ccccc1)c1ccccc1)c1cc(CO)ccc1O,intermediate,347.4140000000001,3.446400000000003,3.0,3.0,5.096910013008056
402,CHEMBL3218530,O=Cc1ccc(C(=O)NCC(c2ccccc2)c2ccccc2)c(O)c1,inactive,345.398,3.766600000000002,2.0,3.0,4.782516055786093
403,CHEMBL3289671,Cc1cc(Nc2cc(F)c(C(F)(F)F)c(F)c2)n2nc(C(C)(F)F)nc2n1,active,393.266,4.585020000000002,1.0,5.0,7.698970004336019
404,CHEMBL3289672,Cc1cc(Nc2cc(F)c(C(F)(F)F)c(F)c2)n2nc(C(F)(F)F)nc2n1,active,397.229,4.492120000000001,1.0,5.0,7.657577319177793
405,CHEMBL3289670,Cc1cc(Nc2ccc(C(F)(F)F)c(F)c2)n2nc(C(C)(F)F)nc2n1,active,375.276,4.445920000000002,1.0,5.0,7.455931955649724
406,CHEMBL1235108,CC(=O)c1sc(Nc2ccccc2)nc1C,inactive,232.30800000000002,3.3977200000000005,1.0,4.0,5.0
407,CHEMBL3410570,CC(=O)c1sc(Nc2ccc(Br)cc2)nc1C,inactive,311.20400000000006,4.160220000000002,1.0,4.0,5.0
408,CHEMBL3410571,CC(=O)c1sc(Nc2ccc(C(C)(C)C)cc2)nc1C,inactive,288.41600000000005,4.6952200000000035,1.0,4.0,5.0
409,CHEMBL3410572,CC(=O)c1sc(Nc2ccc(C)c(C)c2)nc1C,intermediate,260.362,4.014560000000003,1.0,4.0,5.827105302247824
410,CHEMBL3410573,CC(=O)c1sc(Nc2ccc(C)c(F)c2)nc1C,inactive,264.325,3.845240000000002,1.0,4.0,5.0
411,CHEMBL3410574,CC(=O)c1sc(Nc2ccc(Cl)c(C(F)(F)F)c2)nc1C,intermediate,334.75000000000006,5.0699200000000015,1.0,4.0,5.370080964496458
412,CHEMBL3410575,CC(=O)c1sc(Nc2ccc(Br)c(C(F)(F)F)c2)nc1C,inactive,379.2010000000001,5.179020000000001,1.0,4.0,5.0
413,CHEMBL3410576,CC(=O)c1sc(Nc2ccc3ccccc3c2)nc1C,active,282.36800000000005,4.550920000000002,1.0,4.0,6.059981844992337
414,CHEMBL3410577,CC(=O)c1sc(Nc2ccc3cc4ccccc4cc3c2)nc1C,inactive,332.4280000000001,5.704120000000003,1.0,4.0,5.0
415,CHEMBL1460972,CCOC(=O)c1sc(Nc2ccc(Br)cc2)nc1C,intermediate,341.2300000000001,4.134320000000002,1.0,5.0,5.610479534153622
416,CHEMBL3410578,CCOC(=O)c1sc(Nc2ccc(C)c(C)c2)nc1C,inactive,290.38800000000003,3.988660000000003,1.0,5.0,5.0
417,CHEMBL3410579,CCOC(=O)c1sc(Nc2ccc(C)c(F)c2)nc1C,inactive,294.35100000000006,3.819340000000002,1.0,5.0,5.0
418,CHEMBL3410580,CCOC(=O)c1sc(Nc2ccc(C)c(Cl)c2)nc1C,inactive,310.8060000000001,4.333640000000003,1.0,5.0,5.0
419,CHEMBL3410581,CCOC(=O)c1sc(Nc2ccc3ccccc3c2)nc1C,inactive,312.3940000000001,4.525020000000003,1.0,5.0,5.0
420,CHEMBL3410582,CCOC(=O)c1sc(Nc2ccc(C)c(C)c2)nc1N,inactive,291.37600000000003,3.2624400000000007,2.0,6.0,5.0
421,CHEMBL3410583,CCOC(=O)c1sc(Nc2ccc(Cl)c(C(F)(F)F)c2)nc1N,inactive,365.76400000000007,4.317800000000002,2.0,6.0,5.0
422,CHEMBL3410584,CCOC(=O)c1sc(Nc2ccc(C)c(C)c2)nc1NC(=O)C1CC1,inactive,359.45100000000014,4.028740000000003,2.0,6.0,5.0
423,CHEMBL3410585,CCOC(=O)c1sc(Nc2ccc(Cl)c(C(F)(F)F)c2)nc1NC(=O)C1CC1,inactive,433.83900000000017,5.084100000000002,2.0,6.0,5.0
424,CHEMBL3410586,CCOC(=O)c1sc(Nc2ccc(C)c(C)c2)nc1NC(=O)c1ccccc1,inactive,395.4840000000001,4.932540000000004,2.0,6.0,5.0
425,CHEMBL3410587,CCOC(=O)c1sc(Nc2ccc(Cl)c(C(F)(F)F)c2)nc1NC(=O)c1ccccc1,inactive,469.8720000000001,5.987900000000003,2.0,6.0,5.0
426,CHEMBL3410588,CCOC(=O)c1sc(Nc2ccc(C)c(C)c2)nc1C1CC1,inactive,316.4260000000001,4.557640000000004,1.0,5.0,5.0
427,CHEMBL3410589,CCOC(=O)c1sc(Nc2ccc(C)c(F)c2)nc1C1CC1,inactive,320.3890000000001,4.388320000000003,1.0,5.0,5.0
428,CHEMBL3410590,CCOC(=O)c1sc(Nc2ccc(C)c(Cl)c2)nc1C1CC1,inactive,336.84400000000016,4.902620000000003,1.0,5.0,5.0
429,CHEMBL3410591,CCOC(=O)c1sc(Nc2ccc(C)c(C)c2)nc1C(C)(C)C,inactive,332.4690000000001,4.977740000000004,1.0,5.0,5.0
430,CHEMBL3410592,CCOC(=O)c1sc(Nc2ccc(C)c(F)c2)nc1C(C)(C)C,inactive,336.43200000000013,4.8084200000000035,1.0,5.0,5.0
431,CHEMBL3410593,CCOC(=O)c1sc(Nc2ccc(C)c(Cl)c2)nc1C(C)(C)C,inactive,352.88700000000017,5.322720000000004,1.0,5.0,5.0
432,CHEMBL3410594,CCOC(=O)c1sc(Nc2ccc(C)c(C)c2)nc1-c1ccccc1,inactive,352.45900000000006,5.347240000000005,1.0,5.0,5.0
433,CHEMBL3410595,CCOC(=O)c1sc(Nc2ccc(C)c(F)c2)nc1-c1ccccc1,inactive,356.4220000000001,5.177920000000004,1.0,5.0,5.0
434,CHEMBL3410596,CCOC(=O)c1sc(Nc2ccc(C)c(Cl)c2)nc1-c1ccccc1,inactive,372.8770000000001,5.692220000000004,1.0,5.0,5.0
435,CHEMBL3410597,CCOC(=O)c1sc(Nc2ccccc2)nc1-c1ccccc1,inactive,324.4050000000001,4.730400000000003,1.0,5.0,5.0
436,CHEMBL3410598,CCOC(=O)c1sc(Nc2ccc(OC)cc2)nc1-c1ccccc1,inactive,354.4310000000001,4.739000000000003,1.0,6.0,5.0
437,CHEMBL3410599,CCOC(=O)c1sc(Nc2ccc(Cl)cc2)nc1-c1ccccc1,inactive,358.8500000000001,5.383800000000004,1.0,5.0,5.0
438,CHEMBL3410600,CCOC(=O)c1sc(Nc2ccc(C(F)(F)F)cc2)nc1-c1ccccc1,inactive,392.4020000000001,5.749200000000004,1.0,5.0,5.0
439,CHEMBL3410601,CCOC(=O)c1sc(Nc2ccc(C(C)(C)C)cc2)nc1-c1ccccc1,inactive,380.5130000000001,6.027900000000005,1.0,5.0,5.0
440,CHEMBL3410602,CCOC(=O)c1sc(Nc2ccc(Cl)c(C(F)(F)F)c2)nc1-c1ccccc1,inactive,426.8470000000001,6.402600000000004,1.0,5.0,5.0
441,CHEMBL3410603,CCOC(=O)c1sc(Nc2ccc(Br)c(C(F)(F)F)c2)nc1-c1ccccc1,inactive,471.2980000000001,6.511700000000004,1.0,5.0,5.0
442,CHEMBL3410604,CCOC(=O)c1sc(Nc2ccc(Cl)c(Cl)c2)nc1-c1ccccc1,inactive,393.29500000000013,6.037200000000004,1.0,5.0,5.0
443,CHEMBL3410605,CCOC(=O)c1sc(Nc2cc(Cl)cc(Cl)c2)nc1-c1ccccc1,inactive,393.29500000000013,6.037200000000004,1.0,5.0,5.0
444,CHEMBL3410606,CCOC(=O)c1sc(Nc2ccc(Br)cc2C)nc1-c1ccccc1,inactive,417.32800000000015,5.801320000000004,1.0,5.0,5.0
445,CHEMBL3410607,CCOC(=O)c1sc(Nc2ccc3c(c2)CCC3)nc1-c1ccccc1,inactive,364.4700000000001,5.2191000000000045,1.0,5.0,5.0
446,CHEMBL3410608,CCOC(=O)c1sc(Nc2ccc3c(c2)OCO3)nc1-c1ccccc1,inactive,368.4140000000001,4.459100000000003,1.0,7.0,5.0
447,CHEMBL3410609,CCOC(=O)c1sc(Nc2ccc3c(c2)CCCC3)nc1-c1ccccc1,inactive,378.4970000000001,5.609200000000005,1.0,5.0,5.0
448,CHEMBL3410610,CCOC(=O)c1sc(Nc2ccc3ccccc3c2)nc1-c1ccccc1,inactive,374.46500000000015,5.883600000000004,1.0,5.0,5.0
449,CHEMBL3410611,CCOC(=O)c1sc(Nc2ccc3cc4ccccc4cc3c2)nc1-c1ccccc1,inactive,424.52500000000015,7.036800000000006,1.0,5.0,5.0
450,CHEMBL3410612,CCOC(=O)c1sc(Nc2ccc(-c3ccccc3)cc2)nc1-c1ccccc1,inactive,400.5030000000001,6.3974000000000055,1.0,5.0,5.0
451,CHEMBL3410613,CCOC(=O)c1sc(Nc2ccc(-c3cccc(OC)c3)cc2)nc1-c1ccccc1,inactive,430.52900000000017,6.406000000000006,1.0,6.0,5.0
452,CHEMBL3410614,CCOC(=O)c1sc(Nc2ccc(-c3ccccc3)cc2F)nc1-c1ccccc1,inactive,418.4930000000001,6.536500000000005,1.0,5.0,5.0
453,CHEMBL3410615,CCOC(=O)c1sc(Nc2ccc(-c3cccc(OC)c3)cc2F)nc1-c1ccccc1,inactive,448.5190000000002,6.545100000000005,1.0,6.0,5.0
454,CHEMBL3410616,CCOC(=O)c1sc(Nc2c(F)cc(-c3cccc(OC)c3)cc2F)nc1-c1ccccc1,inactive,466.5090000000002,6.684200000000005,1.0,6.0,5.0
455,CHEMBL3410617,CCOC(=O)c1sc(Nc2ccc(Oc3ccccc3)c(Cl)c2)nc1-c1ccccc1,inactive,450.9470000000002,7.176100000000005,1.0,6.0,5.0
456,CHEMBL3410618,CCOC(=O)c1sc(Nc2ccc(OCc3ccccc3)c(Cl)c2)nc1-c1ccccc1,inactive,464.9740000000001,6.962800000000005,1.0,6.0,5.0
457,CHEMBL3410619,CCOC(=O)c1sc(Nc2ccc(OCc3c(F)cccc3Cl)c(Cl)c2)nc1-c1ccccc1,inactive,517.4090000000002,7.7553000000000045,1.0,6.0,5.0
458,CHEMBL3690108,CCCNC(=O)c1ccc(-n2cccn2)s1,inactive,235.312,2.0736,1.0,4.0,3.6020599913279625
459,CHEMBL3694239,Cc1nc2cc3c(cc2n1-c1ccc(C(=O)NC2CC2)s1)OCO3,active,341.3920000000001,3.0163200000000003,1.0,6.0,6.935542010773082
460,CHEMBL3694251,Cc1ccccc1/C=C/c1cc(O)c2ccccc2n1,active,261.324,4.419220000000003,1.0,2.0,6.031517051446065
461,CHEMBL3690150,Cc1nc2ccccc2n1-c1cscc1C(=O)NC1CC1,inactive,297.38300000000004,3.2876200000000013,1.0,4.0,4.522878745280337
462,CHEMBL3694250,Fc1cc(I)ccc1Nc1ccnc2cc(Cl)ccc12,active,398.60600000000005,5.3755000000000015,1.0,2.0,6.236572006437063
463,CHEMBL3690117,CCCNC(=O)c1ccc(N2Cc3cccc(OC)c3Oc3ncccc32)s1,inactive,395.4840000000001,4.735500000000004,1.0,6.0,4.522878745280337
464,CHEMBL3690144,Cc1nc2cnccc2n1-c1ccc(C(=O)NC2CC2)s1,intermediate,298.371,2.682620000000001,1.0,5.0,5.510885630621081
465,CHEMBL3694233,c1ccc2oc(-c3ccc(-c4nc5ccccc5o4)s3)nc2c1,inactive,318.357,5.364500000000003,0.0,5.0,4.522878745280337
466,CHEMBL3694247,Cc1nc2ccc(-c3ccccc3)cc2n1-c1ccc(C(=O)NC2CC2)s1,active,373.48100000000017,4.954620000000003,1.0,4.0,7.050609993355087
467,CHEMBL3690114,CCCNC(=O)c1ccc(N2CCOc3ccc(Cl)cc32)s1,intermediate,336.844,4.071800000000003,1.0,4.0,5.1249387366083
468,CHEMBL3690140,CCc1nc2cc(F)ccc2n1-c1ccc(C(=O)NC2CC2)s1,active,329.4000000000001,3.6807000000000016,1.0,4.0,7.173925197299173
469,CHEMBL3694237,CCCC/C(=N/OC)c1ccc(-n2cnc3ccccc32)s1,inactive,313.42600000000004,4.6277000000000035,0.0,5.0,4.522878745280337
470,CHEMBL3690146,Cc1nc2ncccc2n1-c1ccc(C(=O)NC2CC2)s1,intermediate,298.371,2.682620000000001,1.0,5.0,5.321845961989562
471,CHEMBL3690145,Cc1nc2cccnc2n1-c1ccc(C(=O)NC2CC2)s1,intermediate,298.371,2.682620000000001,1.0,5.0,5.951558196449596
472,CHEMBL3690112,CCCNC(=O)c1ccc(N2CC(C)Sc3ccccc32)s1,inactive,332.494,4.520200000000004,1.0,4.0,4.718966632752273
473,CHEMBL3690116,CCCNC(=O)c1ccc(N2CCSc3ncccc32)s1,inactive,319.455,3.5267000000000017,1.0,5.0,4.860120913598763
474,CHEMBL3690109,CCCNC(=O)c1ccc(N2CCN(C)CC2)s1,inactive,267.3979999999999,1.6397,1.0,4.0,3.6020599913279625
475,CHEMBL3694246,Cc1nc2cc(-c3ccccc3)ccc2n1-c1ccc(C(=O)NC2CC2)s1,active,373.48100000000017,4.954620000000003,1.0,4.0,6.749579997691106
476,CHEMBL3694234,CCCCC(=O)c1ccc(-n2cnc3ccccc32)s1,inactive,284.384,4.459900000000003,0.0,4.0,4.522878745280337
477,CHEMBL3694236,CCCCC(N=O)c1ccc(-n2cnc3ccccc32)s1,inactive,299.39900000000006,5.084700000000002,0.0,5.0,4.522878745280337
478,CHEMBL3690133,CCNC(=O)c1ccc(-n2cnc3cc(Cl)ccc32)s1,active,305.79,3.4901000000000018,1.0,4.0,7.251811972993799
479,CHEMBL3690107,CCCNC(=O)c1ccc(N2CCCCC2)s1,inactive,252.38299999999992,2.8782000000000014,1.0,3.0,4.522878745280337
480,CHEMBL3690126,CC[C@@H](C)NC(=O)c1ccc(-n2cnc3ccccc32)s1,inactive,299.39900000000006,3.615300000000002,1.0,4.0,4.522878745280337
481,CHEMBL3694254,O=C(NC1CC1)c1ccc(N2CCSc3ccccc32)s1,active,316.451,3.8841000000000028,1.0,4.0,6.6020599913279625
482,CHEMBL3694242,Cc1nc2cc3ccccc3cc2n1-c1ccc(C(=O)NC2CC2)s1,active,347.44300000000004,4.440820000000003,1.0,4.0,7.455931955649724
483,CHEMBL3690123,COc1ccc2c(c1)nc(C)n2-c1ccc(C(=O)NC2CC2)s1,active,327.4090000000001,3.2962200000000017,1.0,5.0,6.673664139071248
484,CHEMBL3694238,CCCC/C(=N\OC)c1ccc(-n2cnc3ccccc32)s1,inactive,313.42600000000004,4.6277000000000035,0.0,5.0,4.522878745280337
485,CHEMBL3690135,CCCc1nc2ccccc2n1-c1ccc(C(=O)NCC)s1,active,313.42600000000004,3.789200000000003,1.0,4.0,6.476253533188435
486,CHEMBL3690152,Cn1c(-c2ccc(C(=O)NC3CC3)s2)nc2ccccc21,inactive,297.383,3.1940000000000017,1.0,4.0,4.522878745280337
487,CHEMBL3690151,Cc1nc2ccccc2n1-c1cc(C(=O)NC2CC2)cs1,intermediate,297.3829999999999,3.2876200000000013,1.0,4.0,5.769551078621726
488,CHEMBL3690111,CCCNC(=O)c1ccc(-n2c(C)nc3ccccc32)s1,active,299.399,3.5352200000000016,1.0,4.0,6.769551078621726
489,CHEMBL3694252,CCCCCC1CCCc2c1nc1ccccc1c2O,active,269.388,4.940600000000005,1.0,2.0,6.468521082957745
490,CHEMBL3690154,c1ccc2[nH]c(-c3ccc(-c4nc5ccccc5[nH]4)s3)nc2c1,inactive,316.389,4.8347000000000016,2.0,3.0,4.522878745280337
491,CHEMBL3690138,CCNC(=O)c1ccc(-n2c(C)nc3cc(C)ccc32)s1,active,299.399,3.453540000000002,1.0,4.0,6.950781977329818
492,CHEMBL3694245,Cc1nc(-c2ccc(Cl)cc2)cn1-c1ccc(C(=O)NC2CC2)s1,active,357.8660000000001,4.454820000000003,1.0,4.0,6.598599459218456
493,CHEMBL3690153,O=C(NC1CC1)c1ccc(-c2nc3ccccc3o2)s1,inactive,284.34,3.448500000000002,1.0,4.0,4.522878745280337
494,CHEMBL3694249,O=C(NC1CC1)c1ccc(-n2ncc3ccccc32)s1,inactive,283.356,2.9792000000000014,1.0,4.0,4.522878745280337
495,CHEMBL3690122,CC[C@H](C)NC(=O)c1ccc(-n2cnc3ccccc32)s1,inactive,299.39900000000006,3.615300000000002,1.0,4.0,4.747146969020107
496,CHEMBL3690137,CCNC(=O)c1ccc(-n2cnc3cc(C)ccc32)s1,active,285.37199999999996,3.145120000000002,1.0,4.0,7.1249387366083
497,CHEMBL3690148,CCNC(=O)c1ccc(-n2cc(-c3ccccc3)nc2C)s1,active,311.41,3.658920000000003,1.0,4.0,6.380906669373258
498,CHEMBL3690147,Cc1nc(-c2ccccc2)cn1-c1ccc(C(=O)NC2CC2)s1,active,323.42100000000005,3.801420000000002,1.0,4.0,6.657577319177793
499,CHEMBL3690132,O=C(NC1CC1)c1ccc(-n2cnc3cc(Cl)ccc32)s1,active,317.80100000000004,3.632600000000002,1.0,4.0,6.779891911959945
500,CHEMBL3694248,O=C(NC1CC1)c1ccc(-n2nnc3ccccc32)s1,inactive,284.344,2.374200000000001,1.0,5.0,4.552841968657781
501,CHEMBL3690125,O=C(c1ccc(-n2cnc3ccccc32)s1)N1CCC1,inactive,283.3560000000001,2.932900000000001,0.0,4.0,4.782516055786093
502,CHEMBL3690141,CCNC(=O)c1ccc(-n2cnc3cc(F)ccc32)s1,active,289.335,2.9758000000000013,1.0,4.0,6.978810700930062
503,CHEMBL600689,CCOC(=O)c1[nH]c(C)c(Cc2ccc(OCC)cc2)c1C,active,301.386,3.797740000000003,1.0,3.0,7.080921907623926
504,CHEMBL3690131,CCNC(=O)c1ccc(-n2c(C)nc3cc(F)ccc32)s1,active,303.36199999999997,3.2842200000000012,1.0,4.0,6.785156151952302
505,CHEMBL3690136,Cc1ccc2c(c1)ncn2-c1ccc(C(=O)NC2CC2)s1,active,297.38300000000004,3.2876200000000013,1.0,4.0,7.42021640338319
506,CHEMBL3694253,CCCNC(=O)c1ccc(-n2c(C)cc3ccccc32)s1,active,298.411,4.140220000000003,1.0,3.0,7.154901959985743
507,CHEMBL3690134,CCCNC(=O)c1ccc(-n2cnc3cc(Cl)ccc32)s1,active,319.817,3.880200000000002,1.0,4.0,6.489454989793388
508,CHEMBL3690121,O=C(c1ccc(-n2cnc3ccccc32)s1)N1CCCCC1,inactive,311.4100000000002,3.7131000000000025,0.0,4.0,4.522878745280337
509,CHEMBL3690124,Cc1nc2cc(F)ccc2n1-c1ccc(C(=O)NC2CC2)s1,active,315.37300000000005,3.4267200000000013,1.0,4.0,7.055517327849832
510,CHEMBL3690104,CCCNC(=S)c1ccc(-n2ccc3ccccc32)s1,active,300.45200000000006,4.367100000000002,1.0,3.0,6.338187314462739
511,CHEMBL3690142,CCNC(=O)c1ccc(-n2c(CC)nc3cc(F)ccc32)s1,active,317.38899999999995,3.5382000000000025,1.0,4.0,6.749579997691106
512,CHEMBL3690139,CCNC(=O)c1ccc(-n2c(CC)nc3ccccc32)s1,active,299.399,3.3991000000000025,1.0,4.0,6.863279432843593
513,CHEMBL3690105,CCCNC(=O)c1ccc(N2CCOCC2)s1,inactive,254.35499999999993,1.7245000000000001,1.0,4.0,3.6020599913279625
514,CHEMBL3690120,CCNC(=O)c1ccc(-n2c(C)nc3ccccc32)s1,active,285.37199999999996,3.145120000000002,1.0,4.0,6.718966632752273
515,CHEMBL3694243,Cc1nc2cc(OC(C)C)ccc2n1-c1ccc(C(=O)NC2CC2)s1,active,355.4630000000001,4.074820000000003,1.0,5.0,6.91721462968355
516,CHEMBL3694241,CCNC(=O)c1cccc(-n2c(C)nc3cc(F)ccc32)c1,inactive,297.33299999999997,3.2227200000000016,1.0,3.0,4.522878745280337
517,CHEMBL3690110,CCCNC(=O)c1ccc(-n2ccnc2)s1,inactive,235.312,2.0736,1.0,4.0,3.7825160557860937
518,CHEMBL3694240,CCNC(=O)c1ccc(-n2c(C)nc3cc(F)ccc32)cc1,intermediate,297.33299999999997,3.2227200000000016,1.0,3.0,5.542118103266008
519,CHEMBL3690115,CCCNC(=O)c1ccc(N2CCc3ccccc32)s1,inactive,286.4,3.5821000000000023,1.0,3.0,4.522878745280337
520,CHEMBL3690143,O=C(NC1CC1)c1ccc(-n2cnc3cc(F)ccc32)s1,active,301.346,3.1183000000000014,1.0,4.0,7.236572006437063
521,CHEMBL3690106,CCCNC(=O)c1ccc(N2CCCC2)s1,inactive,238.35599999999994,2.4881,1.0,3.0,3.6020599913279625
522,CHEMBL3690127,CCCN(C)C(=O)c1ccc(-n2cnc3ccccc32)s1,inactive,299.399,3.5690000000000026,0.0,4.0,4.522878745280337
523,CHEMBL3690113,CCCNC(=O)c1ccc(N2CCSc3ccccc32)s1,intermediate,318.467,4.131700000000003,1.0,4.0,5.036212172654444
524,CHEMBL3694232,Cn1c(-c2ccc(-c3nc4ccccc4n3C)s2)nc2ccccc21,inactive,344.44300000000004,4.855500000000004,0.0,5.0,4.522878745280337
525,CHEMBL3694235,CCCCC(O)c1ccc(-n2cnc3ccccc32)s1,inactive,286.4,4.310600000000003,1.0,4.0,4.522878745280337
526,CHEMBL3690130,CCNC(=O)c1ccc(-n2c(C)nc3cc(Cl)ccc32)s1,active,319.817,3.7985200000000026,1.0,4.0,7.026872146400302
527,CHEMBL3690128,CCCNC(=O)c1ccc(-n2c(C)nc3cc(F)ccc32)s1,active,317.389,3.6743200000000025,1.0,4.0,6.30189945437661
528,CHEMBL3690149,Cc1nc(-c2ccc(F)cc2)cn1-c1ccc(C(=O)NC2CC2)s1,active,341.41100000000006,3.940520000000002,1.0,4.0,6.619788758288394
529,CHEMBL3694244,Cc1nc2cc(F)c(F)cc2n1-c1ccc(C(=O)NC2CC2)s1,active,333.36300000000006,3.5658200000000013,1.0,4.0,6.978810700930062
530,CHEMBL3690118,O=C(c1ccc(-n2cnc3ccccc32)s1)N1CCCC1,inactive,297.38300000000015,3.323000000000002,0.0,4.0,4.522878745280337
531,CHEMBL3690119,O=C(NCCO)c1ccc(-n2cnc3ccccc32)s1,inactive,287.344,1.8090999999999997,2.0,5.0,4.853871964321762
532,CHEMBL3690129,CCCNC(=O)c1ccc(-n2c(C)nc3cc(Cl)ccc32)s1,active,333.844,4.188620000000003,1.0,4.0,6.621602099051862
533,CHEMBL3818535,Cc1cc(=O)n2nc(SCc3ccc(Cl)cc3)nc2[nH]1,active,306.778,2.6717200000000005,1.0,5.0,6.0
534,CHEMBL4464362,O=C(NCC(c1ccccc1)c1ccccc1)c1nonc1O,inactive,309.32500000000005,2.337100000000001,2.0,5.0,4.1249387366083
535,CHEMBL4517934,O=C(NCC(c1ccccc1)c1ccccc1)c1nsnc1O,inactive,325.39300000000003,2.8056000000000014,2.0,5.0,4.920818753952375
536,CHEMBL4436588,O=C(NCc1ccccc1)c1nsnc1O,inactive,235.268,1.1737,2.0,5.0,4.455931955649724
537,CHEMBL4437588,Cn1cc(C(=O)NCC(c2ccccc2)c2ccccc2)c(O)n1,inactive,321.38000000000005,2.687600000000001,2.0,4.0,3.6020599913279625
538,CHEMBL4526067,Cc1c(C(=O)NCC(c2ccccc2)c2ccccc2)c(O)nn1C,inactive,335.4070000000001,2.9960200000000015,2.0,4.0,3.6020599913279625
539,CHEMBL4457827,Cn1nc(O)c(C(=O)O)c1COc1ccccc1,inactive,248.238,1.4029,2.0,5.0,4.721246399047171
540,CHEMBL4514989,Cn1nc(O)c(C(=O)O)c1CNc1ccccc1,inactive,247.25400000000002,1.4359999999999997,3.0,5.0,4.795880017344075
541,CHEMBL4451149,CN(Cc1c(C(=O)O)c(O)nn1C)c1ccccc1,inactive,261.281,1.4602999999999997,2.0,5.0,4.638272163982407
542,CHEMBL4514633,Cn1nc(O)c(C(=O)O)c1CSc1ccccc1,inactive,264.306,2.1162,2.0,5.0,4.6020599913279625
543,CHEMBL4458056,Cn1nc(O)c(C(=O)O)c1COc1cccc(C(F)(F)F)c1,intermediate,316.23499999999996,2.4217000000000004,2.0,5.0,5.552841968657781
544,CHEMBL4539458,Cn1nc(O)c(C(=O)O)c1COc1ccc(C(F)(F)F)cc1,intermediate,316.23499999999996,2.4217000000000004,2.0,5.0,5.275724130399211
545,CHEMBL4440085,CCOC(=O)c1c(O)nn(C)c1COc1ccccc1,inactive,276.292,1.8814,1.0,6.0,3.6020599913279625
546,CHEMBL4544292,CCOc1nn(C)c(COc2ccccc2)c1C(=O)O,inactive,276.29200000000003,2.096,1.0,5.0,3.6020599913279625
547,CHEMBL4569109,Cn1nc(OCC2CC2)c(C(=O)O)c1COc1ccccc1,inactive,302.33,2.4861000000000004,1.0,5.0,3.6020599913279625
548,CHEMBL4568957,Cn1nc(OCc2ccccc2)c(C(=O)O)c1COc1ccccc1,inactive,338.36300000000006,3.2763000000000018,1.0,5.0,3.6020599913279625
549,CHEMBL4449622,Cn1nc(O)c(C(N)=O)c1COc1ccccc1,inactive,247.254,0.8035999999999996,2.0,5.0,3.6020599913279625
550,CHEMBL4545127,Cc1cc(Nc2ccc(S(F)(F)(F)(F)F)c(F)c2)n2nc(C(C)(F)F)nc2n1,active,433.32800000000003,6.084520000000002,1.0,5.0,8.0
